date,avg_price,last_price,market_value,order_book_id,quantity,symbol
2006-08-29,1330.16,1330.16,99762.0,000300.XSHG,75,沪深300
2006-08-30,1330.16,1334.67,100100.25,000300.XSHG,75,沪深300
2006-08-31,1330.16,1338.69,100401.75,000300.XSHG,75,沪深300
2006-09-01,1330.16,1318.1,0.0,000300.XSHG,0,沪深300
2006-09-04,1337.24,1337.24,97618.52,000300.XSHG,73,沪深300
2006-09-05,1337.24,1340.68,97869.64,000300.XSHG,73,沪深300
2006-09-06,1337.24,1346.37,98285.01,000300.XSHG,73,沪深300
2006-09-07,1337.24,1328.38,0.0,000300.XSHG,0,沪深300
2006-09-08,1332.15,1332.15,97246.95,000300.XSHG,73,沪深300
2006-09-11,1332.15,1338.76,97729.48,000300.XSHG,73,沪深300
2006-09-12,1332.15,1347.64,98377.72,000300.XSHG,73,沪深300
2006-09-13,1332.15,1338.39,97702.47,000300.XSHG,73,沪深300
2006-09-14,1332.15,1338.28,97694.44,000300.XSHG,73,沪深300
2006-09-15,1332.15,1362.32,99449.36,000300.XSHG,73,沪深300
2006-09-18,1332.15,1375.56,100415.88,000300.XSHG,73,沪深300
2006-09-19,1332.15,1378.31,100616.63,000300.XSHG,73,沪深300
2006-09-20,1332.15,1378.46,100627.58,000300.XSHG,73,沪深300
2006-09-21,1332.15,1387.37,101278.01,000300.XSHG,73,沪深300
2006-09-22,1332.15,1374.85,100364.05,000300.XSHG,73,沪深300
2006-09-25,1332.15,1372.4,100185.2,000300.XSHG,73,沪深300
2006-09-26,1332.15,1357.65,99108.45,000300.XSHG,73,沪深300
2006-09-27,1332.15,1371.12,100091.76,000300.XSHG,73,沪深300
2006-09-28,1332.15,1387.0,101251.0,000300.XSHG,73,沪深300
2006-09-29,1332.15,1403.26,102437.98,000300.XSHG,73,沪深300
2006-10-09,1332.15,1436.07,104833.11,000300.XSHG,73,沪深300
2006-10-10,1332.15,1437.24,104918.52,000300.XSHG,73,沪深300
2006-10-11,1332.15,1435.91,104821.43,000300.XSHG,73,沪深300
2006-10-12,1332.15,1426.5,104134.5,000300.XSHG,73,沪深300
2006-10-13,1332.15,1430.88,104454.24,000300.XSHG,73,沪深300
2006-10-16,1332.15,1418.52,103551.96,000300.XSHG,73,沪深300
2006-10-17,1332.15,1414.45,103254.85,000300.XSHG,73,沪深300
2006-10-18,1332.15,1437.59,104944.07,000300.XSHG,73,沪深300
2006-10-19,1332.15,1439.38,105074.74,000300.XSHG,73,沪深300
2006-10-20,1332.15,1440.18,105133.14,000300.XSHG,73,沪深300
2006-10-23,1332.15,1408.72,102836.56,000300.XSHG,73,沪深300
2006-10-24,1332.15,1440.05,105123.65,000300.XSHG,73,沪深300
2006-10-25,1332.15,1446.82,105617.86,000300.XSHG,73,沪深300
2006-10-26,1332.15,1456.1,106295.3,000300.XSHG,73,沪深300
2006-10-27,1332.15,1439.05,105050.65,000300.XSHG,73,沪深300
2006-10-30,1332.15,1446.24,105575.52,000300.XSHG,73,沪深300
2006-10-31,1332.15,1464.47,106906.31,000300.XSHG,73,沪深300
2006-11-01,1332.15,1479.41,107996.93,000300.XSHG,73,沪深300
2006-11-02,1332.15,1479.66,108015.18,000300.XSHG,73,沪深300
2006-11-03,1332.15,1488.29,108645.17,000300.XSHG,73,沪深300
2006-11-06,1332.15,1507.89,110075.97,000300.XSHG,73,沪深300
2006-11-07,1332.15,1516.1,110675.3,000300.XSHG,73,沪深300
2006-11-08,1332.15,1498.17,109366.41,000300.XSHG,73,沪深300
2006-11-09,1332.15,1524.71,111303.83,000300.XSHG,73,沪深300
2006-11-10,1332.15,1504.06,109796.38,000300.XSHG,73,沪深300
2006-11-13,1332.15,1475.78,107731.94,000300.XSHG,73,沪深300
2006-11-14,1332.15,1493.78,109045.94,000300.XSHG,73,沪深300
2006-11-15,1332.15,1534.76,112037.48,000300.XSHG,73,沪深300
2006-11-16,1332.15,1533.29,111930.17,000300.XSHG,73,沪深300
2006-11-17,1332.15,1562.08,114031.84,000300.XSHG,73,沪深300
2006-11-20,1332.15,1593.16,116300.68,000300.XSHG,73,沪深300
2006-11-21,1332.15,1612.25,117694.25,000300.XSHG,73,沪深300
2006-11-22,1332.15,1624.03,118554.19,000300.XSHG,73,沪深300
2006-11-23,1332.15,1634.91,119348.43,000300.XSHG,73,沪深300
2006-11-24,1332.15,1636.58,119470.34,000300.XSHG,73,沪深300
2006-11-27,1332.15,1651.8,120581.4,000300.XSHG,73,沪深300
2006-11-28,1332.15,1644.01,120012.73,000300.XSHG,73,沪深300
2006-11-29,1332.15,1667.14,121701.22,000300.XSHG,73,沪深300
2006-11-30,1332.15,1714.36,125148.28,000300.XSHG,73,沪深300
2006-12-01,1332.15,1729.22,126233.06,000300.XSHG,73,沪深300
2006-12-04,1332.15,1780.74,129994.02,000300.XSHG,73,沪深300
2006-12-05,1332.15,1794.23,130978.79,000300.XSHG,73,沪深300
2006-12-06,1332.15,1779.41,129896.93,000300.XSHG,73,沪深300
2006-12-07,1332.15,1775.71,129626.83,000300.XSHG,73,沪深300
2006-12-08,1332.15,1711.58,124945.34,000300.XSHG,73,沪深300
2006-12-11,1332.15,1789.92,130664.16,000300.XSHG,73,沪深300
2006-12-12,1332.15,1802.79,131603.67,000300.XSHG,73,沪深300
2006-12-13,1332.15,1803.86,131681.78,000300.XSHG,73,沪深300
2006-12-14,1332.15,1836.14,134038.22,000300.XSHG,73,沪深300
2006-12-15,1332.15,1867.64,136337.72,000300.XSHG,73,沪深300
2006-12-18,1332.15,1916.11,139876.03,000300.XSHG,73,沪深300
2006-12-19,1332.15,1921.44,140265.12,000300.XSHG,73,沪深300
2006-12-20,1332.15,1936.55,141368.15,000300.XSHG,73,沪深300
2006-12-21,1332.15,1908.98,139355.54,000300.XSHG,73,沪深300
2006-12-22,1332.15,1895.64,138381.72,000300.XSHG,73,沪深300
2006-12-25,1332.15,1939.1,141554.3,000300.XSHG,73,沪深300
2006-12-26,1332.15,1938.24,141491.52,000300.XSHG,73,沪深300
2006-12-27,1332.15,1982.88,144750.24,000300.XSHG,73,沪深300
2006-12-28,1332.15,1979.93,144534.89,000300.XSHG,73,沪深300
2006-12-29,1332.15,2041.05,148996.65,000300.XSHG,73,沪深300
2007-01-04,1332.15,2067.09,150897.57,000300.XSHG,73,沪深300
2007-01-05,1332.15,2072.88,151320.24,000300.XSHG,73,沪深300
2007-01-08,1332.15,2131.56,155603.88,000300.XSHG,73,沪深300
2007-01-09,1332.15,2200.09,160606.57,000300.XSHG,73,沪深300
2007-01-10,1332.15,2255.97,164685.81,000300.XSHG,73,沪深300
2007-01-11,1332.15,2231.63,162908.99,000300.XSHG,73,沪深300
2007-01-12,1332.15,2173.75,158683.75,000300.XSHG,73,沪深300
2007-01-15,1332.15,2287.34,166975.82,000300.XSHG,73,沪深300
2007-01-16,1332.15,2353.87,171832.51,000300.XSHG,73,沪深300
2007-01-17,1332.15,2308.93,168551.89,000300.XSHG,73,沪深300
2007-01-18,1332.15,2317.09,169147.57,000300.XSHG,73,沪深300
2007-01-19,1332.15,2396.09,174914.57,000300.XSHG,73,沪深300
2007-01-22,1332.15,2491.31,181865.63,000300.XSHG,73,沪深300
2007-01-23,1332.15,2508.13,183093.49,000300.XSHG,73,沪深300
2007-01-24,1332.15,2536.43,185159.39,000300.XSHG,73,沪深300
2007-01-25,1332.15,2452.83,179056.59,000300.XSHG,73,沪深300
2007-01-26,1332.15,2512.92,183443.16,000300.XSHG,73,沪深300
2007-01-29,1332.15,2576.92,188115.16,000300.XSHG,73,沪深300
2007-01-30,1332.15,2551.88,186287.24,000300.XSHG,73,沪深300
2007-01-31,1332.15,2385.34,174129.82,000300.XSHG,73,沪深300
2007-02-01,1332.15,2395.17,174847.41,000300.XSHG,73,沪深300
2007-02-02,1332.15,2298.0,167754.0,000300.XSHG,73,沪深300
2007-02-05,1332.15,2271.8,165841.4,000300.XSHG,73,沪深300
2007-02-06,1332.15,2316.04,169070.92,000300.XSHG,73,沪深300
2007-02-07,1332.15,2369.79,172994.67,000300.XSHG,73,沪深300
2007-02-08,1332.15,2410.6,175973.8,000300.XSHG,73,沪深300
2007-02-09,1332.15,2397.25,174999.25,000300.XSHG,73,沪深300
2007-02-12,1332.15,2485.39,181433.47,000300.XSHG,73,沪深300
2007-02-13,1332.15,2522.63,184151.99,000300.XSHG,73,沪深300
2007-02-14,1332.15,2588.35,188949.55,000300.XSHG,73,沪深300
2007-02-15,1332.15,2668.63,194809.99,000300.XSHG,73,沪深300
2007-02-16,1332.15,2676.74,195402.02,000300.XSHG,73,沪深300
2007-02-26,1332.15,2707.68,197660.64,000300.XSHG,73,沪深300
2007-02-27,1332.15,2457.49,179396.77,000300.XSHG,73,沪深300
2007-02-28,1332.15,2544.57,185753.61,000300.XSHG,73,沪深300
2007-03-01,1332.15,2473.54,180568.42,000300.XSHG,73,沪深300
2007-03-02,1332.15,2508.73,183137.29,000300.XSHG,73,沪深300
2007-03-05,1332.15,2475.61,180719.53,000300.XSHG,73,沪深300
2007-03-06,1332.15,2520.29,183981.17,000300.XSHG,73,沪深300
2007-03-07,1332.15,2589.44,189029.12,000300.XSHG,73,沪深300
2007-03-08,1332.15,2627.63,191816.99,000300.XSHG,73,沪深300
2007-03-09,1332.15,2611.39,190631.47,000300.XSHG,73,沪深300
2007-03-12,1332.15,2616.17,190980.41,000300.XSHG,73,沪深300
2007-03-13,1332.15,2640.17,192732.41,000300.XSHG,73,沪深300
2007-03-14,1332.15,2597.36,189607.28,000300.XSHG,73,沪深300
2007-03-15,1332.15,2645.55,193125.15,000300.XSHG,73,沪深300
2007-03-16,1332.15,2604.23,190108.79,000300.XSHG,73,沪深300
2007-03-19,1332.15,2659.41,194136.93,000300.XSHG,73,沪深300
2007-03-20,1332.15,2672.77,195112.21,000300.XSHG,73,沪深300
2007-03-21,1332.15,2702.6,197289.8,000300.XSHG,73,沪深300
2007-03-22,1332.15,2711.32,197926.36,000300.XSHG,73,沪深300
2007-03-23,1332.15,2716.27,198287.71,000300.XSHG,73,沪深300
2007-03-26,1332.15,2764.03,201774.19,000300.XSHG,73,沪深300
2007-03-27,1332.15,2784.02,203233.46,000300.XSHG,73,沪深300
2007-03-28,1332.15,2797.65,204228.45,000300.XSHG,73,沪深300
2007-03-29,1332.15,2783.3,203180.9,000300.XSHG,73,沪深300
2007-03-30,1332.15,2781.78,203069.94,000300.XSHG,73,沪深300
2007-04-02,1332.15,2850.11,208058.03,000300.XSHG,73,沪深300
2007-04-03,1332.15,2888.11,210832.03,000300.XSHG,73,沪深300
2007-04-04,1332.15,2911.82,212562.86,000300.XSHG,73,沪深300
2007-04-05,1332.15,2945.04,214987.92,000300.XSHG,73,沪深300
2007-04-06,1332.15,2972.01,216956.73,000300.XSHG,73,沪深300
2007-04-09,1332.15,3038.17,221786.41,000300.XSHG,73,沪深300
2007-04-10,1332.15,3081.57,224954.61,000300.XSHG,73,沪深300
2007-04-11,1332.15,3121.32,227856.36,000300.XSHG,73,沪深300
2007-04-12,1332.15,3176.44,231880.12,000300.XSHG,73,沪深300
2007-04-13,1332.15,3169.23,231353.79,000300.XSHG,73,沪深300
2007-04-16,1332.15,3256.0,237688.0,000300.XSHG,73,沪深300
2007-04-17,1332.15,3283.6,239702.8,000300.XSHG,73,沪深300
2007-04-18,1332.15,3304.5,241228.5,000300.XSHG,73,沪深300
2007-04-19,1332.15,3150.3,229971.9,000300.XSHG,73,沪深300
2007-04-20,1332.15,3289.28,240117.44,000300.XSHG,73,沪深300
2007-04-23,1332.15,3431.32,250486.36,000300.XSHG,73,沪深300
2007-04-24,1332.15,3445.2,251499.6,000300.XSHG,73,沪深300
2007-04-25,1332.15,3448.28,251724.44,000300.XSHG,73,沪深300
2007-04-26,1332.15,3493.58,255031.34,000300.XSHG,73,沪深300
2007-04-27,1332.15,3470.52,253347.96,000300.XSHG,73,沪深300
2007-04-30,1332.15,3558.71,259785.83,000300.XSHG,73,沪深300
2007-05-08,1332.15,3686.03,269080.19,000300.XSHG,73,沪深300
2007-05-09,1332.15,3701.28,270193.44,000300.XSHG,73,沪深300
2007-05-10,1332.15,3724.51,271889.23,000300.XSHG,73,沪深300
2007-05-11,1332.15,3702.61,270290.53,000300.XSHG,73,沪深300
2007-05-14,1332.15,3734.42,272612.66,000300.XSHG,73,沪深300
2007-05-15,1332.15,3604.64,263138.72,000300.XSHG,73,沪深300
2007-05-16,1332.15,3700.29,270121.17,000300.XSHG,73,沪深300
2007-05-17,1332.15,3778.6,275837.8,000300.XSHG,73,沪深300
2007-05-18,1332.15,3776.63,275693.99,000300.XSHG,73,沪深300
2007-05-21,1332.15,3831.44,279695.12,000300.XSHG,73,沪深300
2007-05-22,1332.15,3870.49,282545.77,000300.XSHG,73,沪深300
2007-05-23,1332.15,3938.95,287543.35,000300.XSHG,73,沪深300
2007-05-24,1332.15,3919.75,286141.75,000300.XSHG,73,沪深300
2007-05-25,1332.15,3985.25,290923.25,000300.XSHG,73,沪深300
2007-05-28,1332.15,4072.58,297298.34,000300.XSHG,73,沪深300
2007-05-29,1332.15,4168.29,304285.17,000300.XSHG,73,沪深300
2007-05-30,1332.15,3886.46,283711.58,000300.XSHG,73,沪深300
2007-05-31,1332.15,3927.95,286740.35,000300.XSHG,73,沪深300
2007-06-01,1332.15,3803.95,277688.35,000300.XSHG,73,沪深300
2007-06-04,1332.15,3511.43,256334.39,000300.XSHG,73,沪深300
2007-06-05,1332.15,3634.63,265327.99,000300.XSHG,73,沪深300
2007-06-06,1332.15,3677.58,268463.34,000300.XSHG,73,沪深300
2007-06-07,1332.15,3802.3,277567.9,000300.XSHG,73,沪深300
2007-06-08,1332.15,3837.87,280164.51,000300.XSHG,73,沪深300
2007-06-11,1332.15,3931.86,287025.78,000300.XSHG,73,沪深300
2007-06-12,1332.15,4036.11,294636.03,000300.XSHG,73,沪深300
2007-06-13,1332.15,4118.27,300633.71,000300.XSHG,73,沪深300
2007-06-14,1332.15,4075.82,297534.86,000300.XSHG,73,沪深300
2007-06-15,1332.15,4099.38,299254.74,000300.XSHG,73,沪深300
2007-06-18,1332.15,4227.57,308612.61,000300.XSHG,73,沪深300
2007-06-19,1332.15,4253.0,310469.0,000300.XSHG,73,沪深300
2007-06-20,1332.15,4157.6,303504.8,000300.XSHG,73,沪深300
2007-06-21,1332.15,4197.28,306401.44,000300.XSHG,73,沪深300
2007-06-22,1332.15,4051.43,295754.39,000300.XSHG,73,沪深300
2007-06-25,1332.15,3877.59,283064.07,000300.XSHG,73,沪深300
2007-06-26,1332.15,3928.21,286759.33,000300.XSHG,73,沪深300
2007-06-27,1332.15,4040.48,294955.04,000300.XSHG,73,沪深300
2007-06-28,1332.15,3858.52,281671.96,000300.XSHG,73,沪深300
2007-06-29,1332.15,3764.08,274777.84,000300.XSHG,73,沪深300
2007-07-02,1332.15,3757.66,274309.18,000300.XSHG,73,沪深300
2007-07-03,1332.15,3832.23,279752.79,000300.XSHG,73,沪深300
2007-07-04,1332.15,3743.58,273281.34,000300.XSHG,73,沪深300
2007-07-05,1332.15,3537.44,0.0,000300.XSHG,0,沪深300
2007-07-09,3821.3,3821.3,256027.1,000300.XSHG,67,沪深300
2007-07-10,3821.3,3775.62,252966.54,000300.XSHG,67,沪深300
2007-07-11,3821.3,3789.87,253921.29,000300.XSHG,67,沪深300
2007-07-12,3821.3,3816.92,255733.64,000300.XSHG,67,沪深300
2007-07-13,3821.3,3820.12,255948.04,000300.XSHG,67,沪深300
2007-07-16,3821.3,3697.97,0.0,000300.XSHG,0,沪深300
2007-07-18,3807.57,3807.57,247492.05,000300.XSHG,65,沪深300
2007-07-19,3807.57,3807.0,0.0,000300.XSHG,0,沪深300
2007-07-20,3971.88,3971.88,246256.56,000300.XSHG,62,沪深300
2007-07-23,3971.88,4156.72,257716.64,000300.XSHG,62,沪深300
2007-07-24,3971.88,4161.35,258003.7,000300.XSHG,62,沪深300
2007-07-25,3971.88,4255.46,263838.52,000300.XSHG,62,沪深300
2007-07-26,3971.88,4303.19,266797.78,000300.XSHG,62,沪深300
2007-07-27,3971.88,4307.14,267042.68,000300.XSHG,62,沪深300
2007-07-30,3971.88,4410.3,273438.6,000300.XSHG,62,沪深300
2007-07-31,3971.88,4460.56,276554.72,000300.XSHG,62,沪深300
2007-08-01,3971.88,4290.48,266009.76,000300.XSHG,62,沪深300
2007-08-02,3971.88,4436.19,275043.78,000300.XSHG,62,沪深300
2007-08-03,3971.88,4598.38,285099.56,000300.XSHG,62,沪深300
2007-08-06,3971.88,4703.98,291646.76,000300.XSHG,62,沪深300
2007-08-07,3971.88,4724.55,292922.1,000300.XSHG,62,沪深300
2007-08-08,3971.88,4668.09,289421.58,000300.XSHG,62,沪深300
2007-08-09,3971.88,4777.29,296191.98,000300.XSHG,62,沪深300
2007-08-10,3971.88,4726.68,293054.16,000300.XSHG,62,沪深300
2007-08-13,3971.88,4721.19,292713.78,000300.XSHG,62,沪深300
2007-08-14,3971.88,4795.57,297325.34,000300.XSHG,62,沪深300
2007-08-15,3971.88,4798.75,297522.5,000300.XSHG,62,沪深300
2007-08-16,3971.88,4721.94,292760.28,000300.XSHG,62,沪深300
2007-08-17,3971.88,4626.58,286847.96,000300.XSHG,62,沪深300
2007-08-20,3971.88,4885.43,302896.66,000300.XSHG,62,沪深300
2007-08-21,3971.88,4972.71,308308.02,000300.XSHG,62,沪深300
2007-08-22,3971.88,5051.69,313204.78,000300.XSHG,62,沪深300
2007-08-23,3971.88,5135.93,318427.66,000300.XSHG,62,沪深300
2007-08-24,3971.88,5217.58,323489.96,000300.XSHG,62,沪深300
2007-08-27,3971.88,5243.15,325075.3,000300.XSHG,62,沪深300
2007-08-28,3971.88,5251.77,325609.74,000300.XSHG,62,沪深300
2007-08-29,3971.88,5171.82,320652.84,000300.XSHG,62,沪深300
2007-08-30,3971.88,5241.23,324956.26,000300.XSHG,62,沪深300
2007-08-31,3971.88,5296.81,328402.22,000300.XSHG,62,沪深300
2007-09-03,3971.88,5419.17,335988.54,000300.XSHG,62,沪深300
2007-09-04,3971.88,5360.33,332340.46,000300.XSHG,62,沪深300
2007-09-05,3971.88,5363.25,332521.5,000300.XSHG,62,沪深300
2007-09-06,3971.88,5412.04,335546.48,000300.XSHG,62,沪深300
2007-09-07,3971.88,5294.79,328276.98,000300.XSHG,62,沪深300
2007-09-10,3971.88,5377.22,333387.64,000300.XSHG,62,沪深300
2007-09-11,3971.88,5124.09,317693.58,000300.XSHG,62,沪深300
2007-09-12,3971.88,5202.86,322577.32,000300.XSHG,62,沪深300
2007-09-13,3971.88,5349.97,331698.14,000300.XSHG,62,沪深300
2007-09-14,3971.88,5397.28,334631.36,000300.XSHG,62,沪深300
2007-09-17,3971.88,5498.91,340932.42,000300.XSHG,62,沪深300
2007-09-18,3971.88,5476.84,339564.08,000300.XSHG,62,沪深300
2007-09-19,3971.88,5419.27,335994.74,000300.XSHG,62,沪深300
2007-09-20,3971.88,5494.92,340685.04,000300.XSHG,62,沪深300
2007-09-21,3971.88,5468.1,339022.2,000300.XSHG,62,沪深300
2007-09-24,3971.88,5513.9,341861.8,000300.XSHG,62,沪深300
2007-09-25,3971.88,5454.62,338186.44,000300.XSHG,62,沪深300
2007-09-26,3971.88,5361.02,332383.24,000300.XSHG,62,沪深300
2007-09-27,3971.88,5427.66,336514.92,000300.XSHG,62,沪深300
2007-09-28,3971.88,5580.81,346010.22,000300.XSHG,62,沪深300
2007-10-08,3971.88,5653.14,350494.68,000300.XSHG,62,沪深300
2007-10-09,3971.88,5675.93,351907.66,000300.XSHG,62,沪深300
2007-10-10,3971.88,5685.76,352517.12,000300.XSHG,62,沪深300
2007-10-11,3971.88,5760.08,357124.96,000300.XSHG,62,沪深300
2007-10-12,3971.88,5737.22,355707.64,000300.XSHG,62,沪深300
2007-10-15,3971.88,5821.45,360929.9,000300.XSHG,62,沪深300
2007-10-16,3971.88,5877.2,364386.4,000300.XSHG,62,沪深300
2007-10-17,3971.88,5824.12,361095.44,000300.XSHG,62,沪深300
2007-10-18,3971.88,5615.75,348176.5,000300.XSHG,62,沪深300
2007-10-19,3971.88,5614.06,348071.72,000300.XSHG,62,沪深300
2007-10-22,3971.88,5472.68,339306.16,000300.XSHG,62,沪深300
2007-10-23,3971.88,5540.09,343485.58,000300.XSHG,62,沪深300
2007-10-24,3971.88,5588.01,346456.62,000300.XSHG,62,沪深300
2007-10-25,3971.88,5333.79,330694.98,000300.XSHG,62,沪深300
2007-10-26,3971.88,5394.81,334478.22,000300.XSHG,62,沪深300
2007-10-29,3971.88,5508.36,341518.32,000300.XSHG,62,沪深300
2007-10-30,3971.88,5596.07,346956.34,000300.XSHG,62,沪深300
2007-10-31,3971.88,5688.54,352689.48,000300.XSHG,62,沪深300
2007-11-01,3971.88,5605.23,347524.26,000300.XSHG,62,沪深300
2007-11-02,3971.88,5472.93,339321.66,000300.XSHG,62,沪深300
2007-11-05,3971.88,5360.31,332339.22,000300.XSHG,62,沪深300
2007-11-06,3971.88,5317.55,0.0,000300.XSHG,0,沪深300
2007-12-26,5265.03,5265.03,331696.89,000300.XSHG,63,沪深300
2007-12-27,5265.03,5367.53,338154.39,000300.XSHG,63,沪深300
2007-12-28,5265.03,5338.27,336311.01,000300.XSHG,63,沪深300
2008-01-02,5265.03,5385.1,339261.3,000300.XSHG,63,沪深300
2008-01-03,5265.03,5422.03,341587.89,000300.XSHG,63,沪深300
2008-01-04,5265.03,5483.65,345469.95,000300.XSHG,63,沪深300
2008-01-07,5265.03,5556.59,350065.17,000300.XSHG,63,沪深300
2008-01-08,5265.03,5528.05,348267.15,000300.XSHG,63,沪深300
2008-01-09,5265.03,5613.76,353666.88,000300.XSHG,63,沪深300
2008-01-10,5265.03,5672.15,357345.45,000300.XSHG,63,沪深300
2008-01-11,5265.03,5699.15,359046.45,000300.XSHG,63,沪深300
2008-01-14,5265.03,5731.76,361100.88,000300.XSHG,63,沪深300
2008-01-15,5265.03,5696.45,358876.35,000300.XSHG,63,沪深300
2008-01-16,5265.03,5505.72,346860.36,000300.XSHG,63,沪深300
2008-01-17,5265.03,5365.62,338034.06,000300.XSHG,63,沪深300
2008-01-18,5265.03,5414.47,341111.61,000300.XSHG,63,沪深300
2008-01-21,5265.03,5145.73,0.0,000300.XSHG,0,沪深300
2008-12-03,1952.67,1952.67,324143.22,000300.XSHG,166,沪深300
2008-12-04,1952.67,1982.93,329166.38,000300.XSHG,166,沪深300
2008-12-05,1952.67,2013.18,334187.88,000300.XSHG,166,沪深300
2008-12-08,1952.67,2095.04,347776.64,000300.XSHG,166,沪深300
2008-12-09,1952.67,2040.85,338781.1,000300.XSHG,166,沪深300
2008-12-10,1952.67,2096.39,348000.74,000300.XSHG,166,沪深300
2008-12-11,1952.67,2046.34,339692.44,000300.XSHG,166,沪深300
2008-12-12,1952.67,1960.38,325423.08,000300.XSHG,166,沪深300
2008-12-15,1952.67,1975.03,327854.98,000300.XSHG,166,沪深300
2008-12-16,1952.67,1994.45,331078.7,000300.XSHG,166,沪深300
2008-12-17,1952.67,2001.42,332235.72,000300.XSHG,166,沪深300
2008-12-18,1952.67,2045.1,339486.6,000300.XSHG,166,沪深300
2008-12-19,1952.67,2052.11,340650.26,000300.XSHG,166,沪深300
2008-12-22,1952.67,2017.55,334913.3,000300.XSHG,166,沪深300
2008-12-23,1952.67,1918.96,318547.36,000300.XSHG,166,沪深300
2008-12-24,1952.67,1887.08,0.0,000300.XSHG,0,沪深300
2009-01-05,1882.96,1882.96,312571.36,000300.XSHG,166,沪深300
2009-01-06,1882.96,1942.8,322504.8,000300.XSHG,166,沪深300
2009-01-07,1882.96,1931.18,320575.88,000300.XSHG,166,沪深300
2009-01-08,1882.96,1887.99,313406.34,000300.XSHG,166,沪深300
2009-01-09,1882.96,1918.36,318447.76,000300.XSHG,166,沪深300
2009-01-12,1882.96,1920.69,318834.54,000300.XSHG,166,沪深300
2009-01-13,1882.96,1876.19,311447.54,000300.XSHG,166,沪深300
2009-01-14,1882.96,1955.24,324569.84,000300.XSHG,166,沪深300
2009-01-15,1882.96,1954.87,324508.42,000300.XSHG,166,沪深300
2009-01-16,1882.96,1990.21,330374.86,000300.XSHG,166,沪深300
2009-01-19,1882.96,2012.46,334068.36,000300.XSHG,166,沪深300
2009-01-20,1882.96,2025.19,336181.54,000300.XSHG,166,沪深300
2009-01-21,1882.96,2021.71,335603.86,000300.XSHG,166,沪深300
2009-01-22,1882.96,2044.55,339395.3,000300.XSHG,166,沪深300
2009-01-23,1882.96,2032.68,337424.88,000300.XSHG,166,沪深300
2009-02-02,1882.96,2057.06,341471.96,000300.XSHG,166,沪深300
2009-02-03,1882.96,2108.91,350079.06,000300.XSHG,166,沪深300
2009-02-04,1882.96,2166.41,359624.06,000300.XSHG,166,沪深300
2009-02-05,1882.96,2150.97,357061.02,000300.XSHG,166,沪深300
2009-02-06,1882.96,2237.28,371388.48,000300.XSHG,166,沪深300
2009-02-09,1882.96,2296.67,381247.22,000300.XSHG,166,沪深300
2009-02-10,1882.96,2326.76,386242.16,000300.XSHG,166,沪深300
2009-02-11,1882.96,2331.14,386969.24,000300.XSHG,166,沪深300
2009-02-12,1882.96,2318.34,384844.44,000300.XSHG,166,沪深300
2009-02-13,1882.96,2399.06,398243.96,000300.XSHG,166,沪深300
2009-02-16,1882.96,2462.24,408731.84,000300.XSHG,166,沪深300
2009-02-17,1882.96,2385.29,395958.14,000300.XSHG,166,沪深300
2009-02-18,1882.96,2275.84,377789.44,000300.XSHG,166,沪深300
2009-02-19,1882.96,2298.41,381536.06,000300.XSHG,166,沪深300
2009-02-20,1882.96,2344.32,389157.12,000300.XSHG,166,沪深300
2009-02-23,1882.96,2410.48,400139.68,000300.XSHG,166,沪深300
2009-02-24,1882.96,2301.85,382107.1,000300.XSHG,166,沪深300
2009-02-25,1882.96,2304.25,382505.5,000300.XSHG,166,沪深300
2009-02-26,1882.96,2190.18,363569.88,000300.XSHG,166,沪深300
2009-02-27,1882.96,2140.49,355321.34,000300.XSHG,166,沪深300
2009-03-02,1882.96,2164.67,359335.22,000300.XSHG,166,沪深300
2009-03-03,1882.96,2142.15,355596.9,000300.XSHG,166,沪深300
2009-03-04,1882.96,2285.15,379334.9,000300.XSHG,166,沪深300
2009-03-05,1882.96,2304.92,382616.72,000300.XSHG,166,沪深300
2009-03-06,1882.96,2286.58,379572.28,000300.XSHG,166,沪深300
2009-03-09,1882.96,2202.53,365619.98,000300.XSHG,166,沪深300
2009-03-10,1882.96,2240.78,371969.48,000300.XSHG,166,沪深300
2009-03-11,1882.96,2220.38,368583.08,000300.XSHG,166,沪深300
2009-03-12,1882.96,2215.7,367806.2,000300.XSHG,166,沪深300
2009-03-13,1882.96,2205.42,366099.72,000300.XSHG,166,沪深300
2009-03-16,1882.96,2241.61,372107.26,000300.XSHG,166,沪深300
2009-03-17,1882.96,2322.4,385518.4,000300.XSHG,166,沪深300
2009-03-18,1882.96,2332.65,387219.9,000300.XSHG,166,沪深300
2009-03-19,1882.96,2382.56,395504.96,000300.XSHG,166,沪深300
2009-03-20,1882.96,2379.84,395053.44,000300.XSHG,166,沪深300
2009-03-23,1882.96,2439.4,404940.4,000300.XSHG,166,沪深300
2009-03-24,1882.96,2451.78,406995.48,000300.XSHG,166,沪深300
2009-03-25,1882.96,2401.33,398620.78,000300.XSHG,166,沪深300
2009-03-26,1882.96,2479.79,411645.14,000300.XSHG,166,沪深300
2009-03-27,1882.96,2498.93,414822.38,000300.XSHG,166,沪深300
2009-03-30,1882.96,2484.49,412425.34,000300.XSHG,166,沪深300
2009-03-31,1882.96,2507.79,416293.14,000300.XSHG,166,沪深300
2009-04-01,1882.96,2548.22,423004.52,000300.XSHG,166,沪深300
2009-04-02,1882.96,2576.4,427682.4,000300.XSHG,166,沪深300
2009-04-03,1882.96,2570.5,426703.0,000300.XSHG,166,沪深300
2009-04-07,1882.96,2576.95,427773.7,000300.XSHG,166,沪深300
2009-04-08,1882.96,2479.35,411572.1,000300.XSHG,166,沪深300
2009-04-09,1882.96,2517.67,417933.22,000300.XSHG,166,沪深300
2009-04-10,1882.96,2595.53,430857.98,000300.XSHG,166,沪深300
2009-04-13,1882.96,2656.52,440982.32,000300.XSHG,166,沪深300
2009-04-14,1882.96,2676.87,444360.42,000300.XSHG,166,沪深300
2009-04-15,1882.96,2686.99,446040.34,000300.XSHG,166,沪深300
2009-04-16,1882.96,2687.11,446060.26,000300.XSHG,166,沪深300
2009-04-17,1882.96,2650.69,440014.54,000300.XSHG,166,沪深300
2009-04-20,1882.96,2707.67,449473.22,000300.XSHG,166,沪深300
2009-04-21,1882.96,2675.44,444123.04,000300.XSHG,166,沪深300
2009-04-22,1882.96,2576.28,427662.48,000300.XSHG,166,沪深300
2009-04-23,1882.96,2593.56,430530.96,000300.XSHG,166,沪深300
2009-04-24,1882.96,2572.89,427099.74,000300.XSHG,166,沪深300
2009-04-27,1882.96,2513.29,417206.14,000300.XSHG,166,沪深300
2009-04-28,1882.96,2518.53,418075.98,000300.XSHG,166,沪深300
2009-04-29,1882.96,2605.37,432491.42,000300.XSHG,166,沪深300
2009-04-30,1882.96,2622.93,435406.38,000300.XSHG,166,沪深300
2009-05-04,1882.96,2714.3,450573.8,000300.XSHG,166,沪深300
2009-05-05,1882.96,2727.01,452683.66,000300.XSHG,166,沪深300
2009-05-06,1882.96,2764.98,458986.68,000300.XSHG,166,沪深300
2009-05-07,1882.96,2767.08,459335.28,000300.XSHG,166,沪深300
2009-05-08,1882.96,2789.22,463010.52,000300.XSHG,166,沪深300
2009-05-11,1882.96,2725.32,452403.12,000300.XSHG,166,沪深300
2009-05-12,1882.96,2788.56,462900.96,000300.XSHG,166,沪深300
2009-05-13,1882.96,2814.0,467124.0,000300.XSHG,166,沪深300
2009-05-14,1882.96,2792.6,463571.6,000300.XSHG,166,沪深300
2009-05-15,1882.96,2796.12,464155.92,000300.XSHG,166,沪深300
2009-05-18,1882.96,2810.57,466554.62,000300.XSHG,166,沪深300
2009-05-19,1882.96,2840.08,471453.28,000300.XSHG,166,沪深300
2009-05-20,1882.96,2812.86,466934.76,000300.XSHG,166,沪深300
2009-05-21,1882.96,2750.01,456501.66,000300.XSHG,166,沪深300
2009-05-22,1882.96,2740.68,454952.88,000300.XSHG,166,沪深300
2009-05-25,1882.96,2752.72,456951.52,000300.XSHG,166,沪深300
2009-05-26,1882.96,2719.76,451480.16,000300.XSHG,166,沪深300
2009-05-27,1882.96,2759.71,458111.86,000300.XSHG,166,沪深300
2009-06-01,1882.96,2858.34,474484.44,000300.XSHG,166,沪深300
2009-06-02,1882.96,2865.1,475606.6,000300.XSHG,166,沪深300
2009-06-03,1882.96,2939.39,487938.74,000300.XSHG,166,沪深300
2009-06-04,1882.96,2953.75,490322.5,000300.XSHG,166,沪深300
2009-06-05,1882.96,2939.31,487925.46,000300.XSHG,166,沪深300
2009-06-08,1882.96,2948.48,489447.68,000300.XSHG,166,沪深300
2009-06-09,1882.96,2960.56,491452.96,000300.XSHG,166,沪深300
2009-06-10,1882.96,2989.59,496271.94,000300.XSHG,166,沪深300
2009-06-11,1882.96,2961.63,491630.58,000300.XSHG,166,沪深300
2009-06-12,1882.96,2906.29,482444.14,000300.XSHG,166,沪深300
2009-06-15,1882.96,2966.19,492387.54,000300.XSHG,166,沪深300
2009-06-16,1882.96,2961.22,491562.52,000300.XSHG,166,沪深300
2009-06-17,1882.96,3010.59,499757.94,000300.XSHG,166,沪深300
2009-06-18,1882.96,3057.43,507533.38,000300.XSHG,166,沪深300
2009-06-19,1882.96,3080.0,511280.0,000300.XSHG,166,沪深300
2009-06-22,1882.96,3082.56,511704.96,000300.XSHG,166,沪深300
2009-06-23,1882.96,3083.9,511927.4,000300.XSHG,166,沪深300
2009-06-24,1882.96,3120.73,518041.18,000300.XSHG,166,沪深300
2009-06-25,1882.96,3117.92,517574.72,000300.XSHG,166,沪深300
2009-06-26,1882.96,3128.42,519317.72,000300.XSHG,166,沪深300
2009-06-29,1882.96,3179.97,527875.02,000300.XSHG,166,沪深300
2009-06-30,1882.96,3166.47,525634.02,000300.XSHG,166,沪深300
2009-07-01,1882.96,3237.9,537491.4,000300.XSHG,166,沪深300
2009-07-02,1882.96,3282.36,544871.76,000300.XSHG,166,沪深300
2009-07-03,1882.96,3327.14,552305.24,000300.XSHG,166,沪深300
2009-07-06,1882.96,3374.75,560208.5,000300.XSHG,166,沪深300
2009-07-07,1882.96,3340.49,554521.34,000300.XSHG,166,沪深300
2009-07-08,1882.96,3352.27,556476.82,000300.XSHG,166,沪深300
2009-07-09,1882.96,3396.3,563785.8,000300.XSHG,166,沪深300
2009-07-10,1882.96,3398.31,564119.46,000300.XSHG,166,沪深300
2009-07-13,1882.96,3361.01,557927.66,000300.XSHG,166,沪深300
2009-07-14,1882.96,3454.75,573488.5,000300.XSHG,166,沪深300
2009-07-15,1882.96,3493.3,579887.8,000300.XSHG,166,沪深300
2009-07-16,1882.96,3501.24,581205.84,000300.XSHG,166,沪深300
2009-07-17,1882.96,3519.81,584288.46,000300.XSHG,166,沪深300
2009-07-20,1882.96,3591.12,596125.92,000300.XSHG,166,沪深300
2009-07-21,1882.96,3539.83,587611.78,000300.XSHG,166,沪深300
2009-07-22,1882.96,3606.92,598748.72,000300.XSHG,166,沪深300
2009-07-23,1882.96,3651.97,606227.02,000300.XSHG,166,沪深300
2009-07-24,1882.96,3667.56,608814.96,000300.XSHG,166,沪深300
2009-07-27,1882.96,3743.63,621442.58,000300.XSHG,166,沪深300
2009-07-28,1882.96,3755.82,623466.12,000300.XSHG,166,沪深300
2009-07-29,1882.96,3558.51,590712.66,000300.XSHG,166,沪深300
2009-07-30,1882.96,3634.82,603380.12,000300.XSHG,166,沪深300
2009-07-31,1882.96,3734.62,619946.92,000300.XSHG,166,沪深300
2009-08-03,1882.96,3787.03,628646.98,000300.XSHG,166,沪深300
2009-08-04,1882.96,3786.62,628578.92,000300.XSHG,166,沪深300
2009-08-05,1882.96,3740.94,620996.04,000300.XSHG,166,沪深300
2009-08-06,1882.96,3663.12,608077.92,000300.XSHG,166,沪深300
2009-08-07,1882.96,3555.1,590146.6,000300.XSHG,166,沪深300
2009-08-10,1882.96,3544.54,588393.64,000300.XSHG,166,沪深300
2009-08-11,1882.96,3556.38,590359.08,000300.XSHG,166,沪深300
2009-08-12,1882.96,3397.4,563968.4,000300.XSHG,166,沪深300
2009-08-13,1882.96,3440.82,571176.12,000300.XSHG,166,沪深300
2009-08-14,1882.96,3344.46,555180.36,000300.XSHG,166,沪深300
2009-08-17,1882.96,3140.27,0.0,000300.XSHG,0,沪深300
2009-10-19,3329.16,3329.16,519348.96,000300.XSHG,156,沪深300
2009-10-20,3329.16,3377.57,526900.92,000300.XSHG,156,沪深300
2009-10-21,3329.16,3369.29,525609.24,000300.XSHG,156,沪深300
2009-10-22,3329.16,3347.32,522181.92,000300.XSHG,156,沪深300
2009-10-23,3329.16,3413.25,532467.0,000300.XSHG,156,沪深300
2009-10-26,3329.16,3414.24,532621.44,000300.XSHG,156,沪深300
2009-10-27,3329.16,3314.72,517096.32,000300.XSHG,156,沪深300
2009-10-28,3329.16,3329.33,519375.48,000300.XSHG,156,沪深300
2009-10-29,3329.16,3247.05,0.0,000300.XSHG,0,沪深300
2009-10-30,3280.37,3280.37,505176.98,000300.XSHG,154,沪深300
2009-11-02,3280.37,3392.8,522491.2,000300.XSHG,154,沪深300
2009-11-03,3280.37,3435.42,529054.68,000300.XSHG,154,沪深300
2009-11-04,3280.37,3453.89,531899.06,000300.XSHG,154,沪深300
2009-11-05,3280.37,3464.32,533505.28,000300.XSHG,154,沪深300
2009-11-06,3280.37,3483.02,536385.08,000300.XSHG,154,沪深300
2009-11-09,3280.37,3495.79,538351.66,000300.XSHG,154,沪深300
2009-11-10,3280.37,3503.78,539582.12,000300.XSHG,154,沪深300
2009-11-11,3280.37,3495.67,538333.18,000300.XSHG,154,沪深300
2009-11-12,3280.37,3499.99,538998.46,000300.XSHG,154,沪深300
2009-11-13,3280.37,3518.72,541882.88,000300.XSHG,154,沪深300
2009-11-16,3280.37,3625.8,558373.2,000300.XSHG,154,沪深300
2009-11-17,3280.37,3628.35,558765.9,000300.XSHG,154,沪深300
2009-11-18,3280.37,3630.23,559055.42,000300.XSHG,154,沪深300
2009-11-19,3280.37,3642.44,560935.76,000300.XSHG,154,沪深300
2009-11-20,3280.37,3631.01,559175.54,000300.XSHG,154,沪深300
2009-11-23,3280.37,3665.51,564488.54,000300.XSHG,154,沪深300
2009-11-24,3280.37,3548.08,546404.32,000300.XSHG,154,沪深300
2009-11-25,3280.37,3629.63,558963.02,000300.XSHG,154,沪深300
2009-11-26,3280.37,3485.77,536808.58,000300.XSHG,154,沪深300
2009-11-27,3280.37,3382.51,520906.54,000300.XSHG,154,沪深300
2009-11-30,3280.37,3511.67,540797.18,000300.XSHG,154,沪深300
2009-12-01,3280.37,3560.83,548367.82,000300.XSHG,154,沪深300
2009-12-02,3280.37,3597.33,553988.82,000300.XSHG,154,沪深300
2009-12-03,3280.37,3590.88,552995.52,000300.XSHG,154,沪深300
2009-12-04,3280.37,3643.49,561097.46,000300.XSHG,154,沪深300
2009-12-07,3280.37,3668.83,564999.82,000300.XSHG,154,沪深300
2009-12-08,3280.37,3624.02,558099.08,000300.XSHG,154,沪深300
2009-12-09,3280.37,3554.48,547389.92,000300.XSHG,154,沪深300
2009-12-10,3280.37,3577.24,550894.96,000300.XSHG,154,沪深300
2009-12-11,3280.37,3575.02,550553.08,000300.XSHG,154,沪深300
2009-12-14,3280.37,3612.75,556363.5,000300.XSHG,154,沪深300
2009-12-15,3280.37,3583.34,551834.36,000300.XSHG,154,沪深300
2009-12-16,3280.37,3560.72,548350.88,000300.XSHG,154,沪深300
2009-12-17,3280.37,3480.15,535943.1,000300.XSHG,154,沪深300
2009-12-18,3280.37,3391.74,0.0,000300.XSHG,0,沪深300
2009-12-24,3438.82,3438.82,522700.64,000300.XSHG,152,沪深300
2009-12-25,3438.82,3424.78,0.0,000300.XSHG,0,沪深300
2009-12-28,3478.43,3478.43,518286.07,000300.XSHG,149,沪深300
2009-12-29,3478.43,3500.74,521610.26,000300.XSHG,149,沪深300
2009-12-30,3478.43,3558.86,530270.14,000300.XSHG,149,沪深300
2009-12-31,3478.43,3575.68,532776.32,000300.XSHG,149,沪深300
2010-01-04,3478.43,3535.23,526749.27,000300.XSHG,149,沪深300
2010-01-05,3478.43,3564.04,531041.96,000300.XSHG,149,沪深300
2010-01-06,3478.43,3541.73,527717.77,000300.XSHG,149,沪深300
2010-01-07,3478.43,3471.46,0.0,000300.XSHG,0,沪深300
2010-01-12,3534.92,3534.92,516098.32,000300.XSHG,146,沪深300
2010-01-13,3534.92,3421.14,0.0,000300.XSHG,0,沪深300
2010-01-19,3507.48,3507.48,501569.64,000300.XSHG,143,沪深300
2010-01-20,3507.48,3394.43,0.0,000300.XSHG,0,沪深300
2010-03-29,3358.54,3358.54,483629.76,000300.XSHG,144,沪深300
2010-03-30,3358.54,3366.71,484806.24,000300.XSHG,144,沪深300
2010-03-31,3358.54,3345.61,481767.84,000300.XSHG,144,沪深300
2010-04-01,3358.54,3391.94,488439.36,000300.XSHG,144,沪深300
2010-04-02,3358.54,3407.35,490658.4,000300.XSHG,144,沪深300
2010-04-06,3358.54,3405.14,490340.16,000300.XSHG,144,沪深300
2010-04-07,3358.54,3386.95,487720.8,000300.XSHG,144,沪深300
2010-04-08,3358.54,3346.74,481930.56,000300.XSHG,144,沪深300
2010-04-09,3358.54,3379.17,486600.48,000300.XSHG,144,沪深300
2010-04-12,3358.54,3351.48,482613.12,000300.XSHG,144,沪深300
2010-04-13,3358.54,3391.72,488407.68,000300.XSHG,144,沪深300
2010-04-14,3358.54,3403.71,490134.24,000300.XSHG,144,沪深300
2010-04-15,3358.54,3394.57,488818.08,000300.XSHG,144,沪深300
2010-04-16,3358.54,3356.33,483311.52,000300.XSHG,144,沪深300
2010-04-19,3358.54,3176.42,0.0,000300.XSHG,0,沪深300
2010-07-22,2781.29,2781.29,456131.56,000300.XSHG,164,沪深300
2010-07-23,2781.29,2793.08,458065.12,000300.XSHG,164,沪深300
2010-07-26,2781.29,2811.06,461013.84,000300.XSHG,164,沪深300
2010-07-27,2781.29,2795.72,458498.08,000300.XSHG,164,沪深300
2010-07-28,2781.29,2863.72,469650.08,000300.XSHG,164,沪深300
2010-07-29,2781.29,2877.98,471988.72,000300.XSHG,164,沪深300
2010-07-30,2781.29,2868.85,470491.4,000300.XSHG,164,沪深300
2010-08-02,2781.29,2917.28,478433.92,000300.XSHG,164,沪深300
2010-08-03,2781.29,2865.97,470019.08,000300.XSHG,164,沪深300
2010-08-04,2781.29,2876.43,471734.52,000300.XSHG,164,沪深300
2010-08-05,2781.29,2850.83,467536.12,000300.XSHG,164,沪深300
2010-08-06,2781.29,2897.66,475216.24,000300.XSHG,164,沪深300
2010-08-09,2781.29,2918.24,478591.36,000300.XSHG,164,沪深300
2010-08-10,2781.29,2832.64,464552.96,000300.XSHG,164,沪深300
2010-08-11,2781.29,2850.21,467434.44,000300.XSHG,164,沪深300
2010-08-12,2781.29,2816.39,461887.96,000300.XSHG,164,沪深300
2010-08-13,2781.29,2855.55,468310.2,000300.XSHG,164,沪深300
2010-08-16,2781.29,2922.08,479221.12,000300.XSHG,164,沪深300
2010-08-17,2781.29,2942.29,482535.56,000300.XSHG,164,沪深300
2010-08-18,2781.29,2937.36,481727.04,000300.XSHG,164,沪深300
2010-08-19,2781.29,2955.4,484685.6,000300.XSHG,164,沪深300
2010-08-20,2781.29,2898.33,475326.12,000300.XSHG,164,沪深300
2010-08-23,2781.29,2896.19,474975.16,000300.XSHG,164,沪深300
2010-08-24,2781.29,2911.83,477540.12,000300.XSHG,164,沪深300
2010-08-25,2781.29,2843.02,466255.28,000300.XSHG,164,沪深300
2010-08-26,2781.29,2850.09,467414.76,000300.XSHG,164,沪深300
2010-08-27,2781.29,2858.57,468805.48,000300.XSHG,164,沪深300
2010-08-30,2781.29,2915.01,478061.64,000300.XSHG,164,沪深300
2010-08-31,2781.29,2903.19,476123.16,000300.XSHG,164,沪深300
2010-09-01,2781.29,2884.04,472982.56,000300.XSHG,164,沪深300
2010-09-02,2781.29,2921.39,479107.96,000300.XSHG,164,沪深300
2010-09-03,2781.29,2920.2,478912.8,000300.XSHG,164,沪深300
2010-09-06,2781.29,2975.09,487914.76,000300.XSHG,164,沪深300
2010-09-07,2781.29,2983.11,489230.04,000300.XSHG,164,沪深300
2010-09-08,2781.29,2980.97,488879.08,000300.XSHG,164,沪深300
2010-09-09,2781.29,2926.46,479939.44,000300.XSHG,164,沪深300
2010-09-10,2781.29,2932.55,480938.2,000300.XSHG,164,沪深300
2010-09-13,2781.29,2962.32,485820.48,000300.XSHG,164,沪深300
2010-09-14,2781.29,2965.01,486261.64,000300.XSHG,164,沪深300
2010-09-15,2781.29,2913.19,477763.16,000300.XSHG,164,沪深300
2010-09-16,2781.29,2857.79,468677.56,000300.XSHG,164,沪深300
2010-09-17,2781.29,2861.37,469264.68,000300.XSHG,164,沪深300
2010-09-20,2781.29,2849.83,467372.12,000300.XSHG,164,沪深300
2010-09-21,2781.29,2857.48,468626.72,000300.XSHG,164,沪深300
2010-09-27,2781.29,2905.03,476424.92,000300.XSHG,164,沪深300
2010-09-28,2781.29,2880.91,472469.24,000300.XSHG,164,沪深300
2010-09-29,2781.29,2874.81,471468.84,000300.XSHG,164,沪深300
2010-09-30,2781.29,2935.57,481433.48,000300.XSHG,164,沪深300
2010-10-08,2781.29,3044.23,499253.72,000300.XSHG,164,沪深300
2010-10-11,2781.29,3132.9,513795.6,000300.XSHG,164,沪深300
2010-10-12,2781.29,3172.73,520327.72,000300.XSHG,164,沪深300
2010-10-13,2781.29,3217.58,527683.12,000300.XSHG,164,沪深300
2010-10-14,2781.29,3224.14,528758.96,000300.XSHG,164,沪深300
2010-10-15,2781.29,3327.68,545739.52,000300.XSHG,164,沪深300
2010-10-18,2781.29,3306.16,542210.24,000300.XSHG,164,沪深300
2010-10-19,2781.29,3375.67,553609.88,000300.XSHG,164,沪深300
2010-10-20,2781.29,3396.88,557088.32,000300.XSHG,164,沪深300
2010-10-21,2781.29,3374.68,553447.52,000300.XSHG,164,沪深300
2010-10-22,2781.29,3378.66,554100.24,000300.XSHG,164,沪深300
2010-10-25,2781.29,3481.08,570897.12,000300.XSHG,164,沪深300
2010-10-26,2781.29,3466.08,568437.12,000300.XSHG,164,沪深300
2010-10-27,2781.29,3403.87,558234.68,000300.XSHG,164,沪深300
2010-10-28,2781.29,3397.69,557221.16,000300.XSHG,164,沪深300
2010-10-29,2781.29,3379.98,554316.72,000300.XSHG,164,沪深300
2010-11-01,2781.29,3473.0,569572.0,000300.XSHG,164,沪深300
2010-11-02,2781.29,3463.13,567953.32,000300.XSHG,164,沪深300
2010-11-03,2781.29,3420.34,560935.76,000300.XSHG,164,沪深300
2010-11-04,2781.29,3480.5,570802.0,000300.XSHG,164,沪深300
2010-11-05,2781.29,3520.8,577411.2,000300.XSHG,164,沪深300
2010-11-08,2781.29,3548.57,581965.48,000300.XSHG,164,沪深300
2010-11-09,2781.29,3523.95,577927.8,000300.XSHG,164,沪深300
2010-11-10,2781.29,3499.11,573854.04,000300.XSHG,164,沪深300
2010-11-11,2781.29,3509.98,575636.72,000300.XSHG,164,沪深300
2010-11-12,2781.29,3291.83,539860.12,000300.XSHG,164,沪深300
2010-11-15,2781.29,3314.89,543641.96,000300.XSHG,164,沪深300
2010-11-16,2781.29,3169.54,519804.56,000300.XSHG,164,沪深300
2010-11-17,2781.29,3103.91,0.0,000300.XSHG,0,沪深300
2010-11-18,3147.96,3147.96,506821.56,000300.XSHG,161,沪深300
2010-11-19,3147.96,3178.85,511794.85,000300.XSHG,161,沪深300
2010-11-22,3147.96,3171.94,510682.34,000300.XSHG,161,沪深300
2010-11-23,3147.96,3107.18,0.0,000300.XSHG,0,沪深300
2010-11-24,3177.04,3177.04,501972.32,000300.XSHG,158,沪深300
2010-11-25,3177.04,3223.48,509309.84,000300.XSHG,158,沪深300
2010-11-26,3177.04,3194.85,504786.3,000300.XSHG,158,沪深300
2010-11-29,3177.04,3190.05,504027.9,000300.XSHG,158,沪深300
2010-11-30,3177.04,3136.98,0.0,000300.XSHG,0,沪深300
2010-12-07,3200.34,3200.34,492852.36,000300.XSHG,154,沪深300
2010-12-08,3200.34,3171.88,0.0,000300.XSHG,0,沪深300
2010-12-13,3261.06,3261.06,489159.0,000300.XSHG,150,沪深300
2010-12-14,3261.06,3269.47,490420.5,000300.XSHG,150,沪深300
2010-12-15,3261.06,3247.64,487146.0,000300.XSHG,150,沪深300
2010-12-16,3261.06,3230.66,484599.0,000300.XSHG,150,沪深300
2010-12-17,3261.06,3225.66,483849.0,000300.XSHG,150,沪深300
2010-12-20,3261.06,3178.66,0.0,000300.XSHG,0,沪深300
2010-12-21,3249.51,3249.51,474428.46,000300.XSHG,146,沪深300
2010-12-22,3249.51,3215.45,0.0,000300.XSHG,0,沪深300
2011-02-14,3219.14,3219.14,469994.44,000300.XSHG,146,沪深300
2011-02-15,3219.14,3217.67,469779.82,000300.XSHG,146,沪深300
2011-02-16,3219.14,3248.53,474285.38,000300.XSHG,146,沪深300
2011-02-17,3219.14,3245.91,473902.86,000300.XSHG,146,沪深300
2011-02-18,3219.14,3211.88,468934.48,000300.XSHG,146,沪深300
2011-02-21,3219.14,3257.91,475654.86,000300.XSHG,146,沪深300
2011-02-22,3219.14,3163.58,461882.68,000300.XSHG,146,沪深300
2011-02-23,3219.14,3174.74,463512.04,000300.XSHG,146,沪深300
2011-02-24,3219.14,3190.94,465877.24,000300.XSHG,146,沪深300
2011-02-25,3219.14,3197.62,466852.52,000300.XSHG,146,沪深300
2011-02-28,3219.14,3239.56,472975.76,000300.XSHG,146,沪深300
2011-03-01,3219.14,3254.89,475213.94,000300.XSHG,146,沪深300
2011-03-02,3219.14,3243.3,473521.8,000300.XSHG,146,沪深300
2011-03-03,3219.14,3221.72,470371.12,000300.XSHG,146,沪深300
2011-03-04,3219.14,3270.67,477517.82,000300.XSHG,146,沪深300
2011-03-07,3219.14,3334.51,486838.46,000300.XSHG,146,沪深300
2011-03-08,3219.14,3337.46,487269.16,000300.XSHG,146,沪深300
2011-03-09,3219.14,3338.86,487473.56,000300.XSHG,146,沪深300
2011-03-10,3219.14,3280.26,478917.96,000300.XSHG,146,沪深300
2011-03-11,3219.14,3247.38,474117.48,000300.XSHG,146,沪深300
2011-03-14,3219.14,3262.92,476386.32,000300.XSHG,146,沪深300
2011-03-15,3219.14,3203.96,467778.16,000300.XSHG,146,沪深300
2011-03-16,3219.14,3248.2,474237.2,000300.XSHG,146,沪深300
2011-03-17,3219.14,3197.1,466776.6,000300.XSHG,146,沪深300
2011-03-18,3219.14,3215.68,469489.28,000300.XSHG,146,沪深300
2011-03-21,3219.14,3207.11,468238.06,000300.XSHG,146,沪深300
2011-03-22,3219.14,3222.96,470552.16,000300.XSHG,146,沪深300
2011-03-23,3219.14,3264.93,476679.78,000300.XSHG,146,沪深300
2011-03-24,3219.14,3251.36,474698.56,000300.XSHG,146,沪深300
2011-03-25,3219.14,3294.48,480994.08,000300.XSHG,146,沪深300
2011-03-28,3219.14,3290.57,480423.22,000300.XSHG,146,沪深300
2011-03-29,3219.14,3257.98,475665.08,000300.XSHG,146,沪深300
2011-03-30,3219.14,3256.08,475387.68,000300.XSHG,146,沪深300
2011-03-31,3219.14,3223.29,470600.34,000300.XSHG,146,沪深300
2011-04-01,3219.14,3272.73,477818.58,000300.XSHG,146,沪深300
2011-04-06,3219.14,3311.07,483416.22,000300.XSHG,146,沪深300
2011-04-07,3219.14,3324.42,485365.32,000300.XSHG,146,沪深300
2011-04-08,3219.14,3353.36,489590.56,000300.XSHG,146,沪深300
2011-04-11,3219.14,3333.43,486680.78,000300.XSHG,146,沪深300
2011-04-12,3219.14,3326.77,485708.42,000300.XSHG,146,沪深300
2011-04-13,3219.14,3372.03,492316.38,000300.XSHG,146,沪深300
2011-04-14,3219.14,3353.56,489619.76,000300.XSHG,146,沪深300
2011-04-15,3219.14,3358.94,490405.24,000300.XSHG,146,沪深300
2011-04-18,3219.14,3359.44,490478.24,000300.XSHG,146,沪深300
2011-04-19,3219.14,3295.81,481188.26,000300.XSHG,146,沪深300
2011-04-20,3219.14,3295.76,481180.96,000300.XSHG,146,沪深300
2011-04-21,3219.14,3317.37,484336.02,000300.XSHG,146,沪深300
2011-04-22,3219.14,3299.94,481791.24,000300.XSHG,146,沪深300
2011-04-25,3219.14,3249.57,474437.22,000300.XSHG,146,沪深300
2011-04-26,3219.14,3230.96,471720.16,000300.XSHG,146,沪深300
2011-04-27,3219.14,3209.5,0.0,000300.XSHG,0,沪深300
2011-07-04,3121.98,3121.98,468297.0,000300.XSHG,150,沪深300
2011-07-05,3121.98,3122.5,468375.0,000300.XSHG,150,沪深300
2011-07-06,3121.98,3113.71,467056.5,000300.XSHG,150,沪深300
2011-07-07,3121.98,3101.68,465252.0,000300.XSHG,150,沪深300
2011-07-08,3121.98,3109.18,466377.0,000300.XSHG,150,沪深300
2011-07-11,3121.98,3113.21,466981.5,000300.XSHG,150,沪深300
2011-07-12,3121.98,3056.9,0.0,000300.XSHG,0,沪深300
2011-07-13,3106.25,3106.25,456618.75,000300.XSHG,147,沪深300
2011-07-14,3106.25,3115.75,458015.25,000300.XSHG,147,沪深300
2011-07-15,3106.25,3128.89,459946.83,000300.XSHG,147,沪深300
2011-07-18,3106.25,3122.6,459022.2,000300.XSHG,147,沪深300
2011-07-19,3106.25,3095.12,454982.64,000300.XSHG,147,沪深300
2011-07-20,3106.25,3091.57,454460.79,000300.XSHG,147,沪深300
2011-07-21,3106.25,3059.14,449693.58,000300.XSHG,147,沪深300
2011-07-22,3106.25,3067.98,450993.06,000300.XSHG,147,沪深300
2011-07-25,3106.25,2968.29,0.0,000300.XSHG,0,沪深300
2011-11-02,2742.39,2742.39,436040.01,000300.XSHG,159,沪深300
2011-11-03,2742.39,2744.3,436343.7,000300.XSHG,159,沪深300
2011-11-04,2742.39,2763.75,439436.25,000300.XSHG,159,沪深300
2011-11-07,2742.39,2736.25,435063.75,000300.XSHG,159,沪深300
2011-11-08,2742.39,2727.71,433705.89,000300.XSHG,159,沪深300
2011-11-09,2742.39,2751.65,437512.35,000300.XSHG,159,沪深300
2011-11-10,2742.39,2699.59,0.0,000300.XSHG,0,沪深300
2011-11-14,2750.2,2750.2,429031.2,000300.XSHG,156,沪深300
2011-11-15,2750.2,2744.68,428170.08,000300.XSHG,156,沪深300
2011-11-16,2750.2,2670.12,0.0,000300.XSHG,0,沪深300
2012-02-03,2506.09,2506.09,416010.94,000300.XSHG,166,沪深300
2012-02-06,2506.09,2504.32,415717.12,000300.XSHG,166,沪深300
2012-02-07,2506.09,2457.95,0.0,000300.XSHG,0,沪深300
2012-02-08,2528.24,2528.24,407046.64,000300.XSHG,161,沪深300
2012-02-09,2528.24,2529.23,407206.03,000300.XSHG,161,沪深300
2012-02-10,2528.24,2533.62,407912.82,000300.XSHG,161,沪深300
2012-02-13,2528.24,2531.98,407648.78,000300.XSHG,161,沪深300
2012-02-14,2528.24,2522.11,406059.71,000300.XSHG,161,沪深300
2012-02-15,2528.24,2549.61,410487.21,000300.XSHG,161,沪深300
2012-02-16,2528.24,2536.07,408307.27,000300.XSHG,161,沪深300
2012-02-17,2528.24,2537.09,408471.49,000300.XSHG,161,沪深300
2012-02-20,2528.24,2540.71,409054.31,000300.XSHG,161,沪深300
2012-02-21,2528.24,2562.45,412554.45,000300.XSHG,161,沪深300
2012-02-22,2528.24,2597.48,418194.28,000300.XSHG,161,沪深300
2012-02-23,2528.24,2606.26,419607.86,000300.XSHG,161,沪深300
2012-02-24,2528.24,2648.02,426331.22,000300.XSHG,161,沪深300
2012-02-27,2528.24,2656.57,427707.77,000300.XSHG,161,沪深300
2012-02-28,2528.24,2662.46,428656.06,000300.XSHG,161,沪深300
2012-02-29,2528.24,2634.14,424096.54,000300.XSHG,161,沪深300
2012-03-01,2528.24,2633.34,423967.74,000300.XSHG,161,沪深300
2012-03-02,2528.24,2679.93,431468.73,000300.XSHG,161,沪深300
2012-03-05,2528.24,2662.7,428694.7,000300.XSHG,161,沪深300
2012-03-06,2528.24,2621.05,421989.05,000300.XSHG,161,沪深300
2012-03-07,2528.24,2603.0,419083.0,000300.XSHG,161,沪深300
2012-03-08,2528.24,2635.79,424362.19,000300.XSHG,161,沪深300
2012-03-09,2528.24,2664.3,428952.3,000300.XSHG,161,沪深300
2012-03-12,2528.24,2654.4,427358.4,000300.XSHG,161,沪深300
2012-03-13,2528.24,2681.07,431652.27,000300.XSHG,161,沪深300
2012-03-14,2528.24,2605.11,419422.71,000300.XSHG,161,沪深300
2012-03-15,2528.24,2585.55,416273.55,000300.XSHG,161,沪深300
2012-03-16,2528.24,2623.52,422386.72,000300.XSHG,161,沪深300
2012-03-19,2528.24,2630.01,423431.61,000300.XSHG,161,沪深300
2012-03-20,2528.24,2584.45,416096.45,000300.XSHG,161,沪深300
2012-03-21,2528.24,2587.79,416634.19,000300.XSHG,161,沪深300
2012-03-22,2528.24,2583.75,415983.75,000300.XSHG,161,沪深300
2012-03-23,2528.24,2552.94,411023.34,000300.XSHG,161,沪深300
2012-03-26,2528.24,2555.44,411425.84,000300.XSHG,161,沪深300
2012-03-27,2528.24,2547.14,410089.54,000300.XSHG,161,沪深300
2012-03-28,2528.24,2474.9,0.0,000300.XSHG,0,沪深300
2012-04-12,2570.44,2570.44,398418.2,000300.XSHG,155,沪深300
2012-04-13,2570.44,2580.45,399969.75,000300.XSHG,155,沪深300
2012-04-16,2570.44,2574.04,398976.2,000300.XSHG,155,沪深300
2012-04-17,2570.44,2541.88,0.0,000300.XSHG,0,沪深300
2012-04-18,2599.91,2599.91,392586.41,000300.XSHG,151,沪深300
2012-04-19,2599.91,2596.06,392005.06,000300.XSHG,151,沪深300
2012-04-20,2599.91,2626.84,396652.84,000300.XSHG,151,沪深300
2012-04-23,2599.91,2606.04,393512.04,000300.XSHG,151,沪深300
2012-04-24,2599.91,2604.87,393335.37,000300.XSHG,151,沪深300
2012-04-25,2599.91,2625.99,396524.49,000300.XSHG,151,沪深300
2012-04-26,2599.91,2631.49,397354.99,000300.XSHG,151,沪深300
2012-04-27,2599.91,2626.16,396550.16,000300.XSHG,151,沪深300
2012-05-02,2599.91,2683.49,405206.99,000300.XSHG,151,沪深300
2012-05-03,2599.91,2691.52,406419.52,000300.XSHG,151,沪深300
2012-05-04,2599.91,2715.88,410097.88,000300.XSHG,151,沪深300
2012-05-07,2599.91,2717.78,410384.78,000300.XSHG,151,沪深300
2012-05-08,2599.91,2709.12,409077.12,000300.XSHG,151,沪深300
2012-05-09,2599.91,2657.51,401284.01,000300.XSHG,151,沪深300
2012-05-10,2599.91,2657.21,401238.71,000300.XSHG,151,沪深300
2012-05-11,2599.91,2636.92,398174.92,000300.XSHG,151,沪深300
2012-05-14,2599.91,2615.53,394945.03,000300.XSHG,151,沪深300
2012-05-15,2599.91,2617.37,395222.87,000300.XSHG,151,沪深300
2012-05-16,2599.91,2574.65,0.0,000300.XSHG,0,沪深300
2012-05-17,2613.94,2613.94,389477.06,000300.XSHG,149,沪深300
2012-05-18,2613.94,2573.98,0.0,000300.XSHG,0,沪深300
2012-05-22,2627.52,2627.52,380990.4,000300.XSHG,145,沪深300
2012-05-23,2627.52,2616.87,379446.15,000300.XSHG,145,沪深300
2012-05-24,2627.52,2595.26,0.0,000300.XSHG,0,沪深300
2012-05-28,2614.69,2614.69,376515.36,000300.XSHG,144,沪深300
2012-05-29,2614.69,2650.85,381722.4,000300.XSHG,144,沪深300
2012-05-30,2614.69,2642.26,380485.44,000300.XSHG,144,沪深300
2012-05-31,2614.69,2632.04,379013.76,000300.XSHG,144,沪深300
2012-06-01,2614.69,2633.0,379152.0,000300.XSHG,144,沪深300
2012-06-04,2614.69,2559.03,0.0,000300.XSHG,0,沪深300
2012-10-09,2320.16,2320.16,368905.44,000300.XSHG,159,沪深300
2012-10-10,2320.16,2324.12,369535.08,000300.XSHG,159,沪深300
2012-10-11,2320.16,2302.53,0.0,000300.XSHG,0,沪深300
2012-10-17,2300.8,2300.8,365827.2,000300.XSHG,159,沪深300
2012-10-18,2300.8,2336.08,371436.72,000300.XSHG,159,沪深300
2012-10-19,2300.8,2332.47,370862.73,000300.XSHG,159,沪深300
2012-10-22,2300.8,2341.59,372312.81,000300.XSHG,159,沪深300
2012-10-23,2300.8,2312.08,367620.72,000300.XSHG,159,沪深300
2012-10-24,2300.8,2307.78,366937.02,000300.XSHG,159,沪深300
2012-10-25,2300.8,2291.24,0.0,000300.XSHG,0,沪深300
2012-11-01,2297.88,2297.88,363065.04,000300.XSHG,158,沪深300
2012-11-02,2297.88,2306.77,364469.66,000300.XSHG,158,沪深300
2012-11-05,2297.88,2301.88,363697.04,000300.XSHG,158,沪深300
2012-11-06,2297.88,2292.21,362169.18,000300.XSHG,158,沪深300
2012-11-07,2297.88,2287.5,361425.0,000300.XSHG,158,沪深300
2012-11-08,2297.88,2245.41,0.0,000300.XSHG,0,沪深300
2012-12-07,2246.76,2246.76,352741.32,000300.XSHG,157,沪深300
2012-12-10,2246.76,2271.05,356554.85,000300.XSHG,157,沪深300
2012-12-11,2246.76,2258.5,354584.5,000300.XSHG,157,沪深300
2012-12-12,2246.76,2267.77,356039.89,000300.XSHG,157,沪深300
2012-12-13,2246.76,2242.64,352094.48,000300.XSHG,157,沪深300
2012-12-14,2246.76,2355.86,369870.02,000300.XSHG,157,沪深300
2012-12-17,2246.76,2366.7,371571.9,000300.XSHG,157,沪深300
2012-12-18,2246.76,2368.12,371794.84,000300.XSHG,157,沪深300
2012-12-19,2246.76,2371.11,372264.27,000300.XSHG,157,沪深300
2012-12-20,2246.76,2384.82,374416.74,000300.XSHG,157,沪深300
2012-12-21,2246.76,2372.0,372404.0,000300.XSHG,157,沪深300
2012-12-24,2246.76,2381.22,373851.54,000300.XSHG,157,沪深300
2012-12-25,2246.76,2448.4,384398.8,000300.XSHG,157,沪深300
2012-12-26,2246.76,2457.62,385846.34,000300.XSHG,157,沪深300
2012-12-27,2246.76,2444.59,383800.63,000300.XSHG,157,沪深300
2012-12-28,2246.76,2480.05,389367.85,000300.XSHG,157,沪深300
2012-12-31,2246.76,2522.95,396103.15,000300.XSHG,157,沪深300
2013-01-04,2246.76,2524.41,396332.37,000300.XSHG,157,沪深300
2013-01-07,2246.76,2535.98,398148.86,000300.XSHG,157,沪深300
2013-01-08,2246.76,2525.33,396476.81,000300.XSHG,157,沪深300
2013-01-09,2246.76,2526.13,396602.41,000300.XSHG,157,沪深300
2013-01-10,2246.76,2530.57,397299.49,000300.XSHG,157,沪深300
2013-01-11,2246.76,2483.23,389867.11,000300.XSHG,157,沪深300
2013-01-14,2246.76,2577.72,404702.04,000300.XSHG,157,沪深300
2013-01-15,2246.76,2595.86,407550.02,000300.XSHG,157,沪深300
2013-01-16,2246.76,2577.09,404603.13,000300.XSHG,157,沪深300
2013-01-17,2246.76,2552.76,400783.32,000300.XSHG,157,沪深300
2013-01-18,2246.76,2595.44,407484.08,000300.XSHG,157,沪深300
2013-01-21,2246.76,2610.9,409911.3,000300.XSHG,157,沪深300
2013-01-22,2246.76,2596.9,407713.3,000300.XSHG,157,沪深300
2013-01-23,2246.76,2607.46,409371.22,000300.XSHG,157,沪深300
2013-01-24,2246.76,2582.76,405493.32,000300.XSHG,157,沪深300
2013-01-25,2246.76,2571.67,403752.19,000300.XSHG,157,沪深300
2013-01-28,2246.76,2651.86,416342.02,000300.XSHG,157,沪深300
2013-01-29,2246.76,2675.87,420111.59,000300.XSHG,157,沪深300
2013-01-30,2246.76,2688.71,422127.47,000300.XSHG,157,沪深300
2013-01-31,2246.76,2686.88,421840.16,000300.XSHG,157,沪深300
2013-02-01,2246.76,2743.32,430701.24,000300.XSHG,157,沪深300
2013-02-04,2246.76,2748.03,431440.71,000300.XSHG,157,沪深300
2013-02-05,2246.76,2771.68,435153.76,000300.XSHG,157,沪深300
2013-02-06,2246.76,2775.84,435806.88,000300.XSHG,157,沪深300
2013-02-07,2246.76,2759.87,433299.59,000300.XSHG,157,沪深300
2013-02-08,2246.76,2771.72,435160.04,000300.XSHG,157,沪深300
2013-02-18,2246.76,2737.47,429782.79,000300.XSHG,157,沪深300
2013-02-19,2246.76,2685.61,421640.77,000300.XSHG,157,沪深300
2013-02-20,2246.76,2702.64,424314.48,000300.XSHG,157,沪深300
2013-02-21,2246.76,2610.55,409856.35,000300.XSHG,157,沪深300
2013-02-22,2246.76,2596.6,407666.2,000300.XSHG,157,沪深300
2013-02-25,2246.76,2604.96,408978.72,000300.XSHG,157,沪深300
2013-02-26,2246.76,2567.59,403111.63,000300.XSHG,157,沪深300
2013-02-27,2246.76,2594.68,407364.76,000300.XSHG,157,沪深300
2013-02-28,2246.76,2673.33,419712.81,000300.XSHG,157,沪深300
2013-03-01,2246.76,2668.84,419007.88,000300.XSHG,157,沪深300
2013-03-04,2246.76,2545.72,399678.04,000300.XSHG,157,沪深300
2013-03-05,2246.76,2622.81,411781.17,000300.XSHG,157,沪深300
2013-03-06,2246.76,2650.2,416081.4,000300.XSHG,157,沪深300
2013-03-07,2246.76,2619.48,411258.36,000300.XSHG,157,沪深300
2013-03-08,2246.76,2606.93,409288.01,000300.XSHG,157,沪深300
2013-03-11,2246.76,2592.37,407002.09,000300.XSHG,157,沪深300
2013-03-12,2246.76,2555.61,401230.77,000300.XSHG,157,沪深300
2013-03-13,2246.76,2527.49,0.0,000300.XSHG,0,沪深300
2013-03-20,2610.17,2610.17,396745.84,000300.XSHG,152,沪深300
2013-03-21,2610.17,2614.99,397478.48,000300.XSHG,152,沪深300
2013-03-22,2610.17,2618.31,397983.12,000300.XSHG,152,沪深300
2013-03-25,2610.17,2613.1,397191.2,000300.XSHG,152,沪深300
2013-03-26,2610.17,2575.05,0.0,000300.XSHG,0,沪深300
2013-05-16,2552.71,2552.71,390564.63,000300.XSHG,153,沪深300
2013-05-17,2552.71,2592.05,396583.65,000300.XSHG,153,沪深300
2013-05-20,2552.71,2609.61,399270.33,000300.XSHG,153,沪深300
2013-05-21,2552.71,2614.85,400072.05,000300.XSHG,153,沪深300
2013-05-22,2552.71,2618.03,400558.59,000300.XSHG,153,沪深300
2013-05-23,2552.71,2582.85,395176.05,000300.XSHG,153,沪深300
2013-05-24,2552.71,2597.23,397376.19,000300.XSHG,153,沪深300
2013-05-27,2552.71,2599.59,397737.27,000300.XSHG,153,沪深300
2013-05-28,2552.71,2644.36,404587.08,000300.XSHG,153,沪深300
2013-05-29,2552.71,2642.56,404311.68,000300.XSHG,153,沪深300
2013-05-30,2552.71,2634.32,403050.96,000300.XSHG,153,沪深300
2013-05-31,2552.71,2606.43,398783.79,000300.XSHG,153,沪深300
2013-06-03,2552.71,2602.62,398200.86,000300.XSHG,153,沪深300
2013-06-04,2552.71,2565.67,392547.51,000300.XSHG,153,沪深300
2013-06-05,2552.71,2560.54,391762.62,000300.XSHG,153,沪深300
2013-06-06,2552.71,2527.84,0.0,000300.XSHG,0,沪深300
2013-08-12,2352.79,2352.79,385857.56,000300.XSHG,164,沪深300
2013-08-13,2352.79,2359.07,386887.48,000300.XSHG,164,沪深300
2013-08-14,2352.79,2349.08,385249.12,000300.XSHG,164,沪深300
2013-08-15,2352.79,2321.58,0.0,000300.XSHG,0,沪深300
2013-08-19,2331.43,2331.43,380023.09,000300.XSHG,163,沪深300
2013-08-20,2331.43,2312.46,0.0,000300.XSHG,0,沪深300
2013-08-26,2335.62,2335.62,378370.44,000300.XSHG,162,沪深300
2013-08-27,2335.62,2340.88,379222.56,000300.XSHG,162,沪深300
2013-08-28,2335.62,2328.06,377145.72,000300.XSHG,162,沪深300
2013-08-29,2335.62,2318.31,375566.22,000300.XSHG,162,沪深300
2013-08-30,2335.62,2313.91,374853.42,000300.XSHG,162,沪深300
2013-09-02,2335.62,2320.34,375895.08,000300.XSHG,162,沪深300
2013-09-03,2335.62,2354.5,381429.0,000300.XSHG,162,沪深300
2013-09-04,2335.62,2350.7,380813.4,000300.XSHG,162,沪深300
2013-09-05,2335.62,2341.74,379361.88,000300.XSHG,162,沪深300
2013-09-06,2335.62,2357.78,381960.36,000300.XSHG,162,沪深300
2013-09-09,2335.62,2440.61,395378.82,000300.XSHG,162,沪深300
2013-09-10,2335.62,2474.89,400932.18,000300.XSHG,162,沪深300
2013-09-11,2335.62,2482.89,402228.18,000300.XSHG,162,沪深300
2013-09-12,2335.62,2507.46,406208.52,000300.XSHG,162,沪深300
2013-09-13,2335.62,2488.9,403201.8,000300.XSHG,162,沪深300
2013-09-16,2335.62,2478.39,401499.18,000300.XSHG,162,沪深300
2013-09-17,2335.62,2427.32,393225.84,000300.XSHG,162,沪深300
2013-09-18,2335.62,2432.51,394066.62,000300.XSHG,162,沪深300
2013-09-23,2335.62,2472.29,400510.98,000300.XSHG,162,沪深300
2013-09-24,2335.62,2443.89,395910.18,000300.XSHG,162,沪深300
2013-09-25,2335.62,2429.03,393502.86,000300.XSHG,162,沪深300
2013-09-26,2335.62,2384.44,386279.28,000300.XSHG,162,沪深300
2013-09-27,2335.62,2394.97,387985.14,000300.XSHG,162,沪深300
2013-09-30,2335.62,2409.04,390264.48,000300.XSHG,162,沪深300
2013-10-08,2335.62,2441.81,395573.22,000300.XSHG,162,沪深300
2013-10-09,2335.62,2453.58,397479.96,000300.XSHG,162,沪深300
2013-10-10,2335.62,2429.32,393549.84,000300.XSHG,162,沪深300
2013-10-11,2335.62,2468.51,399898.62,000300.XSHG,162,沪深300
2013-10-14,2335.62,2472.54,400551.48,000300.XSHG,162,沪深300
2013-10-15,2335.62,2467.52,399738.24,000300.XSHG,162,沪深300
2013-10-16,2335.62,2421.37,392261.94,000300.XSHG,162,沪深300
2013-10-17,2335.62,2413.33,390959.46,000300.XSHG,162,沪深300
2013-10-18,2335.62,2426.05,393020.1,000300.XSHG,162,沪深300
2013-10-21,2335.62,2471.32,400353.84,000300.XSHG,162,沪深300
2013-10-22,2335.62,2445.89,396234.18,000300.XSHG,162,沪深300
2013-10-23,2335.62,2418.49,391795.38,000300.XSHG,162,沪深300
2013-10-24,2335.62,2400.51,388882.62,000300.XSHG,162,沪深300
2013-10-25,2335.62,2368.56,383706.72,000300.XSHG,162,沪深300
2013-10-28,2335.62,2365.95,0.0,000300.XSHG,0,沪深300
2013-10-29,2372.05,2372.05,381900.05,000300.XSHG,161,沪深300
2013-10-30,2372.05,2407.47,387602.67,000300.XSHG,161,沪深300
2013-10-31,2372.05,2373.72,0.0,000300.XSHG,0,沪深300
2013-11-01,2384.96,2384.96,381593.6,000300.XSHG,160,沪深300
2013-11-04,2384.96,2380.45,0.0,000300.XSHG,0,沪深300
2013-11-18,2428.9,2428.9,378908.4,000300.XSHG,156,沪深300
2013-11-19,2428.9,2412.16,376296.96,000300.XSHG,156,沪深300
2013-11-20,2428.9,2424.85,378276.6,000300.XSHG,156,沪深300
2013-11-21,2428.9,2409.99,375958.44,000300.XSHG,156,沪深300
2013-11-22,2428.9,2397.96,374081.76,000300.XSHG,156,沪深300
2013-11-25,2428.9,2388.63,0.0,000300.XSHG,0,沪深300
2013-11-27,2414.48,2414.48,374244.4,000300.XSHG,155,沪深300
2013-11-28,2414.48,2439.53,378127.15,000300.XSHG,155,沪深300
2013-11-29,2414.48,2438.94,378035.7,000300.XSHG,155,沪深300
2013-12-02,2414.48,2418.79,374912.45,000300.XSHG,155,沪深300
2013-12-03,2414.48,2442.78,378630.9,000300.XSHG,155,沪深300
2013-12-04,2414.48,2475.14,383646.7,000300.XSHG,155,沪深300
2013-12-05,2414.48,2468.2,382571.0,000300.XSHG,155,沪深300
2013-12-06,2414.48,2452.29,380104.95,000300.XSHG,155,沪深300
2013-12-09,2414.48,2450.87,379884.85,000300.XSHG,155,沪深300
2013-12-10,2414.48,2453.32,380264.6,000300.XSHG,155,沪深300
2013-12-11,2414.48,2412.76,0.0,000300.XSHG,0,沪深300
2014-04-08,2237.32,2237.32,371395.12,000300.XSHG,166,沪深300
2014-04-09,2237.32,2238.62,371610.92,000300.XSHG,166,沪深300
2014-04-10,2237.32,2273.76,377444.16,000300.XSHG,166,沪深300
2014-04-11,2237.32,2270.67,376931.22,000300.XSHG,166,沪深300
2014-04-14,2237.32,2268.61,376589.26,000300.XSHG,166,沪深300
2014-04-15,2237.32,2229.46,370090.36,000300.XSHG,166,沪深300
2014-04-16,2237.32,2232.53,370599.98,000300.XSHG,166,沪深300
2014-04-17,2237.32,2224.8,369316.8,000300.XSHG,166,沪深300
2014-04-18,2237.32,2224.48,369263.68,000300.XSHG,166,沪深300
2014-04-21,2237.32,2187.25,0.0,000300.XSHG,0,沪深300
2014-05-28,2169.35,2169.35,364450.8,000300.XSHG,168,沪深300
2014-05-29,2169.35,2155.16,0.0,000300.XSHG,0,沪深300
2014-06-13,2176.24,2176.24,361255.84,000300.XSHG,166,沪深300
2014-06-16,2176.24,2191.86,363848.76,000300.XSHG,166,沪深300
2014-06-17,2176.24,2169.67,0.0,000300.XSHG,0,沪深300
2014-07-02,2170.87,2170.87,358193.55,000300.XSHG,165,沪深300
2014-07-03,2170.87,2180.19,359731.35,000300.XSHG,165,沪深300
2014-07-04,2170.87,2178.7,359485.5,000300.XSHG,165,沪深300
2014-07-07,2170.87,2176.29,359087.85,000300.XSHG,165,沪深300
2014-07-08,2170.87,2180.47,359777.55,000300.XSHG,165,沪深300
2014-07-09,2170.87,2148.71,0.0,000300.XSHG,0,沪深300
2014-07-14,2171.76,2171.76,353996.88,000300.XSHG,163,沪深300
2014-07-15,2171.76,2174.98,354521.74,000300.XSHG,163,沪深300
2014-07-16,2171.76,2170.87,353851.81,000300.XSHG,163,沪深300
2014-07-17,2171.76,2157.07,351602.41,000300.XSHG,163,沪深300
2014-07-18,2171.76,2164.14,352754.82,000300.XSHG,163,沪深300
2014-07-21,2171.76,2166.3,353106.9,000300.XSHG,163,沪深300
2014-07-22,2171.76,2192.7,357410.1,000300.XSHG,163,沪深300
2014-07-23,2171.76,2197.83,358246.29,000300.XSHG,163,沪深300
2014-07-24,2171.76,2237.02,364634.26,000300.XSHG,163,沪深300
2014-07-25,2171.76,2260.45,368453.35,000300.XSHG,163,沪深300
2014-07-28,2171.76,2323.9,378795.7,000300.XSHG,163,沪深300
2014-07-29,2171.76,2331.37,380013.31,000300.XSHG,163,沪深300
2014-07-30,2171.76,2322.01,378487.63,000300.XSHG,163,沪深300
2014-07-31,2171.76,2350.25,383090.75,000300.XSHG,163,沪深300
2014-08-01,2171.76,2329.4,379692.2,000300.XSHG,163,沪深300
2014-08-04,2171.76,2375.62,387226.06,000300.XSHG,163,沪深300
2014-08-05,2171.76,2369.35,386204.05,000300.XSHG,163,沪深300
2014-08-06,2171.76,2363.22,385204.86,000300.XSHG,163,沪深300
2014-08-07,2171.76,2327.46,379375.98,000300.XSHG,163,沪深300
2014-08-08,2171.76,2331.13,379974.19,000300.XSHG,163,沪深300
2014-08-11,2171.76,2365.35,385552.05,000300.XSHG,163,沪深300
2014-08-12,2171.76,2357.05,384199.15,000300.XSHG,163,沪深300
2014-08-13,2171.76,2358.9,384500.7,000300.XSHG,163,沪深300
2014-08-14,2171.76,2335.95,380759.85,000300.XSHG,163,沪深300
2014-08-15,2171.76,2360.64,384784.32,000300.XSHG,163,沪深300
2014-08-18,2171.76,2374.56,387053.28,000300.XSHG,163,沪深300
2014-08-19,2171.76,2374.77,387087.51,000300.XSHG,163,沪深300
2014-08-20,2171.76,2366.14,385680.82,000300.XSHG,163,沪深300
2014-08-21,2171.76,2354.24,383741.12,000300.XSHG,163,沪深300
2014-08-22,2171.76,2365.36,385553.68,000300.XSHG,163,沪深300
2014-08-25,2171.76,2342.86,381886.18,000300.XSHG,163,沪深300
2014-08-26,2171.76,2324.09,378826.67,000300.XSHG,163,沪深300
2014-08-27,2171.76,2327.59,379397.17,000300.XSHG,163,沪深300
2014-08-28,2171.76,2311.28,376738.64,000300.XSHG,163,沪深300
2014-08-29,2171.76,2338.29,381141.27,000300.XSHG,163,沪深300
2014-09-01,2171.76,2355.32,383917.16,000300.XSHG,163,沪深300
2014-09-02,2171.76,2386.46,388992.98,000300.XSHG,163,沪深300
2014-09-03,2171.76,2408.84,392640.92,000300.XSHG,163,沪深300
2014-09-04,2171.76,2426.22,395473.86,000300.XSHG,163,沪深300
2014-09-05,2171.76,2449.26,399229.38,000300.XSHG,163,沪深300
2014-09-09,2171.76,2445.22,398570.86,000300.XSHG,163,沪深300
2014-09-10,2171.76,2432.43,396486.09,000300.XSHG,163,沪深300
2014-09-11,2171.76,2423.45,395022.35,000300.XSHG,163,沪深300
2014-09-12,2171.76,2438.36,397452.68,000300.XSHG,163,沪深300
2014-09-15,2171.76,2437.19,397261.97,000300.XSHG,163,沪深300
2014-09-16,2171.76,2388.77,389369.51,000300.XSHG,163,沪深300
2014-09-17,2171.76,2401.33,391416.79,000300.XSHG,163,沪深300
2014-09-18,2171.76,2408.66,392611.58,000300.XSHG,163,沪深300
2014-09-19,2171.76,2425.21,395309.23,000300.XSHG,163,沪深300
2014-09-22,2171.76,2378.92,387763.96,000300.XSHG,163,沪深300
2014-09-23,2171.76,2399.46,391111.98,000300.XSHG,163,沪深300
2014-09-24,2171.76,2441.86,398023.18,000300.XSHG,163,沪深300
2014-09-25,2171.76,2436.96,397224.48,000300.XSHG,163,沪深300
2014-09-26,2171.76,2437.2,397263.6,000300.XSHG,163,沪深300
2014-09-29,2171.76,2447.8,398991.4,000300.XSHG,163,沪深300
2014-09-30,2171.76,2450.99,399511.37,000300.XSHG,163,沪深300
2014-10-08,2171.76,2478.38,403975.94,000300.XSHG,163,沪深300
2014-10-09,2171.76,2481.96,404559.48,000300.XSHG,163,沪深300
2014-10-10,2171.76,2466.79,402086.77,000300.XSHG,163,沪深300
2014-10-13,2171.76,2454.95,400156.85,000300.XSHG,163,沪深300
2014-10-14,2171.76,2446.56,398789.28,000300.XSHG,163,沪深300
2014-10-15,2171.76,2463.87,401610.81,000300.XSHG,163,沪深300
2014-10-16,2171.76,2444.4,398437.2,000300.XSHG,163,沪深300
2014-10-17,2171.76,2441.73,398001.99,000300.XSHG,163,沪深300
2014-10-20,2171.76,2454.71,400117.73,000300.XSHG,163,沪深300
2014-10-21,2171.76,2433.39,396642.57,000300.XSHG,163,沪深300
2014-10-22,2171.76,2418.64,394238.32,000300.XSHG,163,沪深300
2014-10-23,2171.76,2395.94,390538.22,000300.XSHG,163,沪深300
2014-10-24,2171.76,2390.71,0.0,000300.XSHG,0,沪深300
2014-10-28,2416.65,2416.65,389080.65,000300.XSHG,161,沪深300
2014-10-29,2416.65,2451.38,394672.18,000300.XSHG,161,沪深300
2014-10-30,2416.65,2468.93,397497.73,000300.XSHG,161,沪深300
2014-10-31,2416.65,2508.33,403841.13,000300.XSHG,161,沪深300
2014-11-03,2416.65,2512.55,404520.55,000300.XSHG,161,沪深300
2014-11-04,2416.65,2513.17,404620.37,000300.XSHG,161,沪深300
2014-11-05,2416.65,2503.45,403055.45,000300.XSHG,161,沪深300
2014-11-06,2416.65,2506.07,403477.27,000300.XSHG,161,沪深300
2014-11-07,2416.65,2502.15,402846.15,000300.XSHG,161,沪深300
2014-11-10,2416.65,2565.73,413082.53,000300.XSHG,161,沪深300
2014-11-11,2416.65,2558.61,411936.21,000300.XSHG,161,沪深300
2014-11-12,2416.65,2594.32,417685.52,000300.XSHG,161,沪深300
2014-11-13,2416.65,2579.75,415339.75,000300.XSHG,161,沪深300
2014-11-14,2416.65,2581.09,415555.49,000300.XSHG,161,沪深300
2014-11-17,2416.65,2567.1,413303.1,000300.XSHG,161,沪深300
2014-11-18,2416.65,2541.42,409168.62,000300.XSHG,161,沪深300
2014-11-19,2416.65,2537.22,408492.42,000300.XSHG,161,沪深300
2014-11-20,2416.65,2537.1,408473.1,000300.XSHG,161,沪深300
2014-11-21,2416.65,2583.46,415937.06,000300.XSHG,161,沪深300
2014-11-24,2416.65,2649.26,426530.86,000300.XSHG,161,沪深300
2014-11-25,2416.65,2685.56,432375.16,000300.XSHG,161,沪深300
2014-11-26,2416.65,2723.02,438406.22,000300.XSHG,161,沪深300
2014-11-27,2416.65,2754.49,443472.89,000300.XSHG,161,沪深300
2014-11-28,2416.65,2808.82,452220.02,000300.XSHG,161,沪深300
2014-12-01,2416.65,2819.81,453989.41,000300.XSHG,161,沪深300
2014-12-02,2416.65,2923.94,470754.34,000300.XSHG,161,沪深300
2014-12-03,2416.65,2967.55,477775.55,000300.XSHG,161,沪深300
2014-12-04,2416.65,3104.35,499800.35,000300.XSHG,161,沪深300
2014-12-05,2416.65,3124.88,503105.68,000300.XSHG,161,沪深300
2014-12-08,2416.65,3252.88,523713.68,000300.XSHG,161,沪深300
2014-12-09,2416.65,3106.91,500212.51,000300.XSHG,161,沪深300
2014-12-10,2416.65,3221.55,518669.55,000300.XSHG,161,沪深300
2014-12-11,2416.65,3183.01,512464.61,000300.XSHG,161,沪深300
2014-12-12,2416.65,3193.23,514110.03,000300.XSHG,161,沪深300
2014-12-15,2416.65,3217.23,517974.03,000300.XSHG,161,沪深300
2014-12-16,2416.65,3303.4,531847.4,000300.XSHG,161,沪深300
2014-12-17,2416.65,3360.6,541056.6,000300.XSHG,161,沪深300
2014-12-18,2416.65,3345.93,538694.73,000300.XSHG,161,沪深300
2014-12-19,2416.65,3383.17,544690.37,000300.XSHG,161,沪深300
2014-12-22,2416.65,3394.48,546511.28,000300.XSHG,161,沪深300
2014-12-23,2416.65,3324.92,535312.12,000300.XSHG,161,沪深300
2014-12-24,2416.65,3230.38,520091.18,000300.XSHG,161,沪深300
2014-12-25,2416.65,3335.42,537002.62,000300.XSHG,161,沪深300
2014-12-26,2416.65,3445.84,554780.24,000300.XSHG,161,沪深300
2014-12-29,2416.65,3455.46,556329.06,000300.XSHG,161,沪深300
2014-12-30,2416.65,3457.55,556665.55,000300.XSHG,161,沪深300
2014-12-31,2416.65,3533.71,568927.31,000300.XSHG,161,沪深300
2015-01-05,2416.65,3641.54,586287.94,000300.XSHG,161,沪深300
2015-01-06,2416.65,3641.06,586210.66,000300.XSHG,161,沪深300
2015-01-07,2416.65,3643.79,586650.19,000300.XSHG,161,沪深300
2015-01-08,2416.65,3559.26,573040.86,000300.XSHG,161,沪深300
2015-01-09,2416.65,3546.72,571021.92,000300.XSHG,161,沪深300
2015-01-12,2416.65,3513.58,565686.38,000300.XSHG,161,沪深300
2015-01-13,2416.65,3514.04,565760.44,000300.XSHG,161,沪深300
2015-01-14,2416.65,3502.42,563889.62,000300.XSHG,161,沪深300
2015-01-15,2416.65,3604.12,580263.32,000300.XSHG,161,沪深300
2015-01-16,2416.65,3635.15,585259.15,000300.XSHG,161,沪深300
2015-01-19,2416.65,3355.16,540180.76,000300.XSHG,161,沪深300
2015-01-20,2416.65,3396.22,546791.42,000300.XSHG,161,沪深300
2015-01-21,2416.65,3548.88,571369.68,000300.XSHG,161,沪深300
2015-01-22,2416.65,3567.61,574385.21,000300.XSHG,161,沪深300
2015-01-23,2416.65,3571.73,575048.53,000300.XSHG,161,沪深300
2015-01-26,2416.65,3607.98,580884.78,000300.XSHG,161,沪深300
2015-01-27,2416.65,3574.93,575563.73,000300.XSHG,161,沪深300
2015-01-28,2416.65,3525.32,567576.52,000300.XSHG,161,沪深300
2015-01-29,2416.65,3481.8,560569.8,000300.XSHG,161,沪深300
2015-01-30,2416.65,3434.39,552936.79,000300.XSHG,161,沪深300
2015-02-02,2416.65,3353.96,539987.56,000300.XSHG,161,沪深300
2015-02-03,2416.65,3437.44,553427.84,000300.XSHG,161,沪深300
2015-02-04,2416.65,3401.77,547684.97,000300.XSHG,161,沪深300
2015-02-05,2416.65,3366.95,542078.95,000300.XSHG,161,沪深300
2015-02-06,2416.65,3312.42,533299.62,000300.XSHG,161,沪深300
2015-02-09,2416.65,3345.92,538693.12,000300.XSHG,161,沪深300
2015-02-10,2416.65,3406.94,548517.34,000300.XSHG,161,沪深300
2015-02-11,2416.65,3434.12,552893.32,000300.XSHG,161,沪深300
2015-02-12,2416.65,3442.87,554302.07,000300.XSHG,161,沪深300
2015-02-13,2416.65,3469.83,558642.63,000300.XSHG,161,沪深300
2015-02-16,2416.65,3499.48,563416.28,000300.XSHG,161,沪深300
2015-02-17,2416.65,3522.32,567093.52,000300.XSHG,161,沪深300
2015-02-25,2416.65,3478.73,560075.53,000300.XSHG,161,沪深300
2015-02-26,2416.65,3566.3,574174.3,000300.XSHG,161,沪深300
2015-02-27,2416.65,3572.84,575227.24,000300.XSHG,161,沪深300
2015-03-02,2416.65,3601.27,579804.47,000300.XSHG,161,沪深300
2015-03-03,2416.65,3507.9,564771.9,000300.XSHG,161,沪深300
2015-03-04,2416.65,3530.82,568462.02,000300.XSHG,161,沪深300
2015-03-05,2416.65,3496.34,562910.74,000300.XSHG,161,沪深300
2015-03-06,2416.65,3478.52,560041.72,000300.XSHG,161,沪深300
2015-03-09,2416.65,3537.75,569577.75,000300.XSHG,161,沪深300
2015-03-10,2416.65,3520.61,566818.21,000300.XSHG,161,沪深300
2015-03-11,2416.65,3524.65,567468.65,000300.XSHG,161,沪深300
2015-03-12,2416.65,3592.84,578447.24,000300.XSHG,161,沪深300
2015-03-13,2416.65,3617.66,582443.26,000300.XSHG,161,沪深300
2015-03-16,2416.65,3705.67,596612.87,000300.XSHG,161,沪深300
2015-03-17,2416.65,3757.12,604896.32,000300.XSHG,161,沪深300
2015-03-18,2416.65,3846.06,619215.66,000300.XSHG,161,沪深300
2015-03-19,2416.65,3839.74,618198.14,000300.XSHG,161,沪深300
2015-03-20,2416.65,3892.57,626703.77,000300.XSHG,161,沪深300
2015-03-23,2416.65,3972.06,639501.66,000300.XSHG,161,沪深300
2015-03-24,2416.65,3973.05,639661.05,000300.XSHG,161,沪深300
2015-03-25,2416.65,3940.41,634406.01,000300.XSHG,161,沪深300
2015-03-26,2416.65,3950.0,635950.0,000300.XSHG,161,沪深300
2015-03-27,2416.65,3971.7,639443.7,000300.XSHG,161,沪深300
2015-03-30,2416.65,4088.18,658196.98,000300.XSHG,161,沪深300
2015-03-31,2416.65,4051.2,652243.2,000300.XSHG,161,沪深300
2015-04-01,2416.65,4123.9,663947.9,000300.XSHG,161,沪深300
2015-04-02,2416.65,4124.78,664089.58,000300.XSHG,161,沪深300
2015-04-03,2416.65,4170.54,671456.94,000300.XSHG,161,沪深300
2015-04-07,2416.65,4260.04,685866.44,000300.XSHG,161,沪深300
2015-04-08,2416.65,4295.8,691623.8,000300.XSHG,161,沪深300
2015-04-09,2416.65,4262.14,686204.54,000300.XSHG,161,沪深300
2015-04-10,2416.65,4344.42,699451.62,000300.XSHG,161,沪深300
2015-04-13,2416.65,4421.07,711792.27,000300.XSHG,161,沪深300
2015-04-14,2416.65,4438.18,714546.98,000300.XSHG,161,沪深300
2015-04-15,2416.65,4380.51,705262.11,000300.XSHG,161,沪深300
2015-04-16,2416.65,4513.55,726681.55,000300.XSHG,161,沪深300
2015-04-17,2416.65,4596.14,739978.54,000300.XSHG,161,沪深300
2015-04-20,2416.65,4521.92,728029.12,000300.XSHG,161,沪深300
2015-04-21,2416.65,4619.16,743684.76,000300.XSHG,161,沪深300
2015-04-22,2416.65,4739.81,763109.41,000300.XSHG,161,沪深300
2015-04-23,2416.65,4740.89,763283.29,000300.XSHG,161,沪深300
2015-04-24,2416.65,4702.64,757125.04,000300.XSHG,161,沪深300
2015-04-27,2416.65,4807.59,774021.99,000300.XSHG,161,沪深300
2015-04-28,2416.65,4741.86,763439.46,000300.XSHG,161,沪深300
2015-04-29,2416.65,4774.33,768667.13,000300.XSHG,161,沪深300
2015-04-30,2416.65,4749.89,764732.29,000300.XSHG,161,沪深300
2015-05-04,2416.65,4787.74,770826.14,000300.XSHG,161,沪深300
2015-05-05,2416.65,4596.84,740091.24,000300.XSHG,161,沪深300
2015-05-06,2416.65,4553.33,733086.13,000300.XSHG,161,沪深300
2015-05-07,2416.65,4470.09,719684.49,000300.XSHG,161,沪深300
2015-05-08,2416.65,4558.4,733902.4,000300.XSHG,161,沪深300
2015-05-11,2416.65,4690.53,755175.33,000300.XSHG,161,沪深300
2015-05-12,2416.65,4747.42,764334.62,000300.XSHG,161,沪深300
2015-05-13,2416.65,4718.44,759668.84,000300.XSHG,161,沪深300
2015-05-14,2416.65,4700.78,756825.58,000300.XSHG,161,沪深300
2015-05-15,2416.65,4617.47,743412.67,000300.XSHG,161,沪深300
2015-05-18,2416.65,4575.14,736597.54,000300.XSHG,161,沪深300
2015-05-19,2416.65,4731.22,761726.42,000300.XSHG,161,沪深300
2015-05-20,2416.65,4754.92,765542.12,000300.XSHG,161,沪深300
2015-05-21,2416.65,4840.98,779397.78,000300.XSHG,161,沪深300
2015-05-22,2416.65,4951.34,797165.74,000300.XSHG,161,沪深300
2015-05-25,2416.65,5099.5,821019.5,000300.XSHG,161,沪深300
2015-05-26,2416.65,5198.92,837026.12,000300.XSHG,161,沪深300
2015-05-27,2416.65,5181.43,834210.23,000300.XSHG,161,沪深300
2015-05-28,2416.65,4834.01,778275.61,000300.XSHG,161,沪深300
2015-05-29,2416.65,4840.83,779373.63,000300.XSHG,161,沪深300
2015-06-01,2416.65,5076.18,817264.98,000300.XSHG,161,沪深300
2015-06-02,2416.65,5161.87,831061.07,000300.XSHG,161,沪深300
2015-06-03,2416.65,5143.59,828117.99,000300.XSHG,161,沪深300
2015-06-04,2416.65,5181.42,834208.62,000300.XSHG,161,沪深300
2015-06-05,2416.65,5230.55,842118.55,000300.XSHG,161,沪深300
2015-06-08,2416.65,5353.75,861953.75,000300.XSHG,161,沪深300
2015-06-09,2416.65,5317.46,856111.06,000300.XSHG,161,沪深300
2015-06-10,2416.65,5309.11,854766.71,000300.XSHG,161,沪深300
2015-06-11,2416.65,5306.59,854360.99,000300.XSHG,161,沪深300
2015-06-12,2416.65,5335.12,858954.32,000300.XSHG,161,沪深300
2015-06-15,2416.65,5221.17,840608.37,000300.XSHG,161,沪深300
2015-06-16,2416.65,5064.82,815436.02,000300.XSHG,161,沪深300
2015-06-17,2416.65,5138.83,827351.63,000300.XSHG,161,沪深300
2015-06-18,2416.65,4930.55,793818.55,000300.XSHG,161,沪深300
2015-06-19,2416.65,4637.05,0.0,000300.XSHG,0,沪深300
2015-06-23,4786.09,4786.09,746630.04,000300.XSHG,156,沪深300
2015-06-24,4786.09,4880.13,761300.28,000300.XSHG,156,沪深300
2015-06-25,4786.09,4706.52,0.0,000300.XSHG,0,沪深300
2015-10-23,3571.24,3571.24,732104.2,000300.XSHG,205,沪深300
2015-10-26,3571.24,3589.26,735798.3,000300.XSHG,205,沪深300
2015-10-27,3571.24,3592.88,736540.4,000300.XSHG,205,沪深300
2015-10-28,3571.24,3524.92,0.0,000300.XSHG,0,沪深300
2015-10-29,3533.31,3533.31,720795.24,000300.XSHG,204,沪深300
2015-10-30,3533.31,3534.08,720952.32,000300.XSHG,204,沪深300
2015-11-02,3533.31,3475.96,0.0,000300.XSHG,0,沪深300
2015-11-04,3628.54,3628.54,707565.3,000300.XSHG,195,沪深300
2015-11-05,3628.54,3705.97,722664.15,000300.XSHG,195,沪深300
2015-11-06,3628.54,3793.37,739707.15,000300.XSHG,195,沪深300
2015-11-09,3628.54,3840.35,748868.25,000300.XSHG,195,沪深300
2015-11-10,3628.54,3833.24,747481.8,000300.XSHG,195,沪深300
2015-11-11,3628.54,3833.65,747561.75,000300.XSHG,195,沪深300
2015-11-12,3628.54,3795.32,740087.4,000300.XSHG,195,沪深300
2015-11-13,3628.54,3746.24,730516.8,000300.XSHG,195,沪深300
2015-11-16,3628.54,3764.13,734005.35,000300.XSHG,195,沪深300
2015-11-17,3628.54,3758.39,732886.05,000300.XSHG,195,沪深300
2015-11-18,3628.54,3715.58,724538.1,000300.XSHG,195,沪深300
2015-11-19,3628.54,3774.97,736119.15,000300.XSHG,195,沪深300
2015-11-20,3628.54,3774.38,736004.1,000300.XSHG,195,沪深300
2015-11-23,3628.54,3753.34,731901.3,000300.XSHG,195,沪深300
2015-11-24,3628.54,3753.89,732008.55,000300.XSHG,195,沪深300
2015-11-25,3628.54,3781.61,737413.95,000300.XSHG,195,沪深300
2015-11-26,3628.54,3759.43,733088.85,000300.XSHG,195,沪深300
2015-11-27,3628.54,3556.99,693613.05,000300.XSHG,195,沪深300
2015-11-30,3628.54,3566.41,695449.95,000300.XSHG,195,沪深300
2015-12-01,3628.54,3591.7,700381.5,000300.XSHG,195,沪深300
2015-12-02,3628.54,3721.95,725780.25,000300.XSHG,195,沪深300
2015-12-03,3628.54,3749.3,731113.5,000300.XSHG,195,沪深300
2015-12-04,3628.54,3677.59,717130.05,000300.XSHG,195,沪深300
2015-12-07,3628.54,3687.61,719083.95,000300.XSHG,195,沪深300
2015-12-08,3628.54,3623.02,706488.9,000300.XSHG,195,沪深300
2015-12-09,3628.54,3635.94,709008.3,000300.XSHG,195,沪深300
2015-12-10,3628.54,3623.08,706500.6,000300.XSHG,195,沪深300
2015-12-11,3628.54,3608.06,703571.7,000300.XSHG,195,沪深300
2015-12-14,3628.54,3711.32,723707.4,000300.XSHG,195,沪深300
2015-12-15,3628.54,3694.39,720406.05,000300.XSHG,195,沪深300
2015-12-16,3628.54,3685.44,718660.8,000300.XSHG,195,沪深300
2015-12-17,3628.54,3755.89,732398.55,000300.XSHG,195,沪深300
2015-12-18,3628.54,3767.91,734742.45,000300.XSHG,195,沪深300
2015-12-21,3628.54,3865.96,753862.2,000300.XSHG,195,沪深300
2015-12-22,3628.54,3876.73,755962.35,000300.XSHG,195,沪深300
2015-12-23,3628.54,3866.38,753944.1,000300.XSHG,195,沪深300
2015-12-24,3628.54,3829.4,746733.0,000300.XSHG,195,沪深300
2015-12-25,3628.54,3838.2,748449.0,000300.XSHG,195,沪深300
2015-12-28,3628.54,3727.63,726887.85,000300.XSHG,195,沪深300
2015-12-29,3628.54,3761.87,733564.65,000300.XSHG,195,沪深300
2015-12-30,3628.54,3765.18,734210.1,000300.XSHG,195,沪深300
2015-12-31,3628.54,3731.0,727545.0,000300.XSHG,195,沪深300
2016-01-04,3628.54,3469.07,0.0,000300.XSHG,0,沪深300
2016-03-21,3249.44,3249.44,675883.52,000300.XSHG,208,沪深300
2016-03-22,3249.44,3225.79,670964.32,000300.XSHG,208,沪深300
2016-03-23,3249.44,3236.09,673106.72,000300.XSHG,208,沪深300
2016-03-24,3249.44,3181.85,661824.8,000300.XSHG,208,沪深300
2016-03-25,3249.44,3197.82,665146.56,000300.XSHG,208,沪深300
2016-03-28,3249.44,3169.73,659303.84,000300.XSHG,208,沪深300
2016-03-29,3249.44,3135.41,0.0,000300.XSHG,0,沪深300
2016-03-30,3216.28,3216.28,652904.84,000300.XSHG,203,沪深300
2016-03-31,3216.28,3218.09,653272.27,000300.XSHG,203,沪深300
2016-04-01,3216.28,3221.89,654043.67,000300.XSHG,203,沪深300
2016-04-05,3216.28,3264.49,662691.47,000300.XSHG,203,沪深300
2016-04-06,3216.28,3257.53,661278.59,000300.XSHG,203,沪深300
2016-04-07,3216.28,3209.29,651485.87,000300.XSHG,203,沪深300
2016-04-08,3216.28,3185.73,646703.19,000300.XSHG,203,沪深300
2016-04-11,3216.28,3230.1,655710.3,000300.XSHG,203,沪深300
2016-04-12,3216.28,3218.45,653345.35,000300.XSHG,203,沪深300
2016-04-13,3216.28,3261.38,662060.14,000300.XSHG,203,沪深300
2016-04-14,3216.28,3275.83,664993.49,000300.XSHG,203,沪深300
2016-04-15,3216.28,3272.21,664258.63,000300.XSHG,203,沪深300
2016-04-18,3216.28,3228.45,655375.35,000300.XSHG,203,沪深300
2016-04-19,3216.28,3238.3,657374.9,000300.XSHG,203,沪深300
2016-04-20,3216.28,3181.03,645749.09,000300.XSHG,203,沪深300
2016-04-21,3216.28,3160.6,641601.8,000300.XSHG,203,沪深300
2016-04-22,3216.28,3174.9,644504.7,000300.XSHG,203,沪深300
2016-04-25,3216.28,3162.03,641892.09,000300.XSHG,203,沪深300
2016-04-26,3216.28,3179.16,645369.48,000300.XSHG,203,沪深300
2016-04-27,3216.28,3165.92,642681.76,000300.XSHG,203,沪深300
2016-04-28,3216.28,3160.58,641597.74,000300.XSHG,203,沪深300
2016-04-29,3216.28,3156.75,640820.25,000300.XSHG,203,沪深300
2016-05-03,3216.28,3213.54,652348.62,000300.XSHG,203,沪深300
2016-05-04,3216.28,3209.46,651520.38,000300.XSHG,203,沪深300
2016-05-05,3216.28,3213.92,652425.76,000300.XSHG,203,沪深300
2016-05-06,3216.28,3130.35,0.0,000300.XSHG,0,沪深300
2016-05-31,3169.56,3169.56,633912.0,000300.XSHG,200,沪深300
2016-06-01,3169.56,3160.55,632110.0,000300.XSHG,200,沪深300
2016-06-02,3169.56,3167.1,633420.0,000300.XSHG,200,沪深300
2016-06-03,3169.56,3189.33,637866.0,000300.XSHG,200,沪深300
2016-06-06,3169.56,3178.79,635758.0,000300.XSHG,200,沪深300
2016-06-07,3169.56,3177.05,635410.0,000300.XSHG,200,沪深300
2016-06-08,3169.56,3163.99,632798.0,000300.XSHG,200,沪深300
2016-06-13,3169.56,3066.34,0.0,000300.XSHG,0,沪深300
2016-06-29,3151.39,3151.39,611369.66,000300.XSHG,194,沪深300
2016-06-30,3151.39,3153.92,611860.48,000300.XSHG,194,沪深300
2016-07-01,3151.39,3154.2,611914.8,000300.XSHG,194,沪深300
2016-07-04,3151.39,3204.7,621711.8,000300.XSHG,194,沪深300
2016-07-05,3151.39,3207.38,622231.72,000300.XSHG,194,沪深300
2016-07-06,3151.39,3216.8,624059.2,000300.XSHG,194,沪深300
2016-07-07,3151.39,3209.95,622730.3,000300.XSHG,194,沪深300
2016-07-08,3151.39,3192.28,619302.32,000300.XSHG,194,沪深300
2016-07-11,3151.39,3203.33,621446.02,000300.XSHG,194,沪深300
2016-07-12,3151.39,3273.18,634996.92,000300.XSHG,194,沪深300
2016-07-13,3151.39,3282.87,636876.78,000300.XSHG,194,沪深300
2016-07-14,3151.39,3276.76,635691.44,000300.XSHG,194,沪深300
2016-07-15,3151.39,3276.28,635598.32,000300.XSHG,194,沪深300
2016-07-18,3151.39,3262.02,632831.88,000300.XSHG,194,沪深300
2016-07-19,3151.39,3248.23,630156.62,000300.XSHG,194,沪深300
2016-07-20,3151.39,3237.61,628096.34,000300.XSHG,194,沪深300
2016-07-21,3151.39,3252.52,630988.88,000300.XSHG,194,沪深300
2016-07-22,3151.39,3225.16,625681.04,000300.XSHG,194,沪深300
2016-07-25,3151.39,3230.88,626790.72,000300.XSHG,194,沪深300
2016-07-26,3151.39,3269.59,634300.46,000300.XSHG,194,沪深300
2016-07-27,3151.39,3218.24,624338.56,000300.XSHG,194,沪深300
2016-07-28,3151.39,3221.14,624901.16,000300.XSHG,194,沪深300
2016-07-29,3151.39,3203.93,621562.42,000300.XSHG,194,沪深300
2016-08-01,3151.39,3176.81,616301.14,000300.XSHG,194,沪深300
2016-08-02,3151.39,3189.05,618675.7,000300.XSHG,194,沪深300
2016-08-03,3151.39,3193.51,619540.94,000300.XSHG,194,沪深300
2016-08-04,3151.39,3201.29,621050.26,000300.XSHG,194,沪深300
2016-08-05,3151.39,3205.11,621791.34,000300.XSHG,194,沪深300
2016-08-08,3151.39,3234.18,627430.92,000300.XSHG,194,沪深300
2016-08-09,3151.39,3256.98,631854.12,000300.XSHG,194,沪深300
2016-08-10,3151.39,3243.34,629207.96,000300.XSHG,194,沪深300
2016-08-11,3151.39,3233.36,627271.84,000300.XSHG,194,沪深300
2016-08-12,3151.39,3294.23,639080.62,000300.XSHG,194,沪深300
2016-08-15,3151.39,3393.42,658323.48,000300.XSHG,194,沪深300
2016-08-16,3151.39,3378.25,655380.5,000300.XSHG,194,沪深300
2016-08-17,3151.39,3373.05,654371.7,000300.XSHG,194,沪深300
2016-08-18,3151.39,3364.49,652711.06,000300.XSHG,194,沪深300
2016-08-19,3151.39,3365.02,652813.88,000300.XSHG,194,沪深300
2016-08-22,3151.39,3336.79,647337.26,000300.XSHG,194,沪深300
2016-08-23,3151.39,3341.83,648315.02,000300.XSHG,194,沪深300
2016-08-24,3151.39,3329.86,645992.84,000300.XSHG,194,沪深300
2016-08-25,3151.39,3308.97,641940.18,000300.XSHG,194,沪深300
2016-08-26,3151.39,3307.09,641575.46,000300.XSHG,194,沪深300
2016-08-29,3151.39,3307.78,641709.32,000300.XSHG,194,沪深300
2016-08-30,3151.39,3311.99,642526.06,000300.XSHG,194,沪深300
2016-08-31,3151.39,3327.79,645591.26,000300.XSHG,194,沪深300
2016-09-01,3151.39,3301.58,640506.52,000300.XSHG,194,沪深300
2016-09-02,3151.39,3314.11,642937.34,000300.XSHG,194,沪深300
2016-09-05,3151.39,3319.68,644017.92,000300.XSHG,194,沪深300
2016-09-06,3151.39,3342.63,648470.22,000300.XSHG,194,沪深300
2016-09-07,3151.39,3340.82,648119.08,000300.XSHG,194,沪深300
2016-09-08,3151.39,3339.56,647874.64,000300.XSHG,194,沪深300
2016-09-09,3151.39,3318.04,643699.76,000300.XSHG,194,沪深300
2016-09-12,3151.39,3262.6,632944.4,000300.XSHG,194,沪深300
2016-09-13,3151.39,3260.33,632504.02,000300.XSHG,194,沪深300
2016-09-14,3151.39,3238.73,0.0,000300.XSHG,0,沪深300
2016-09-19,3263.12,3263.12,626519.04,000300.XSHG,192,沪深300
2016-09-20,3263.12,3257.4,0.0,000300.XSHG,0,沪深300
2016-09-21,3266.64,3266.64,623928.24,000300.XSHG,191,沪深300
2016-09-22,3266.64,3291.12,628603.92,000300.XSHG,191,沪深300
2016-09-23,3266.64,3275.67,625652.97,000300.XSHG,191,沪深300
2016-09-26,3266.64,3220.28,0.0,000300.XSHG,0,沪深300
2016-10-10,3293.87,3293.87,615953.69,000300.XSHG,187,沪深300
2016-10-11,3293.87,3306.56,618326.72,000300.XSHG,187,沪深300
2016-10-12,3293.87,3300.01,617101.87,000300.XSHG,187,沪深300
2016-10-13,3293.87,3302.65,617595.55,000300.XSHG,187,沪深300
2016-10-14,3293.87,3305.85,618193.95,000300.XSHG,187,沪深300
2016-10-17,3293.87,3277.88,0.0,000300.XSHG,0,沪深300
2016-10-18,3321.33,3321.33,611124.72,000300.XSHG,184,沪深300
2016-10-19,3321.33,3316.24,610188.16,000300.XSHG,184,沪深300
2016-10-20,3321.33,3318.6,610622.4,000300.XSHG,184,沪深300
2016-10-21,3321.33,3327.74,612304.16,000300.XSHG,184,沪深300
2016-10-24,3321.33,3367.58,619634.72,000300.XSHG,184,沪深300
2016-10-25,3321.33,3367.45,619610.8,000300.XSHG,184,沪深300
2016-10-26,3321.33,3354.8,617283.2,000300.XSHG,184,沪深300
2016-10-27,3321.33,3345.7,615608.8,000300.XSHG,184,沪深300
2016-10-28,3321.33,3340.13,614583.92,000300.XSHG,184,沪深300
2016-10-31,3321.33,3336.28,613875.52,000300.XSHG,184,沪深300
2016-11-01,3321.33,3359.05,618065.2,000300.XSHG,184,沪深300
2016-11-02,3321.33,3333.35,613336.4,000300.XSHG,184,沪深300
2016-11-03,3321.33,3365.08,619174.72,000300.XSHG,184,沪深300
2016-11-04,3321.33,3354.17,617167.28,000300.XSHG,184,沪深300
2016-11-07,3321.33,3356.59,617612.56,000300.XSHG,184,沪深300
2016-11-08,3321.33,3371.12,620286.08,000300.XSHG,184,沪深300
2016-11-09,3321.33,3353.05,616961.2,000300.XSHG,184,沪深300
2016-11-10,3321.33,3390.61,623872.24,000300.XSHG,184,沪深300
2016-11-11,3321.33,3417.22,628768.48,000300.XSHG,184,沪深300
2016-11-14,3321.33,3430.25,631166.0,000300.XSHG,184,沪深300
2016-11-15,3321.33,3429.87,631096.08,000300.XSHG,184,沪深300
2016-11-16,3321.33,3429.59,631044.56,000300.XSHG,184,沪深300
2016-11-17,3321.33,3436.54,632323.36,000300.XSHG,184,沪深300
2016-11-18,3321.33,3417.46,628812.64,000300.XSHG,184,沪深300
2016-11-21,3321.33,3441.11,633164.24,000300.XSHG,184,沪深300
2016-11-22,3321.33,3468.36,638178.24,000300.XSHG,184,沪深300
2016-11-23,3321.33,3474.73,639350.32,000300.XSHG,184,沪深300
2016-11-24,3321.33,3488.74,641928.16,000300.XSHG,184,沪深300
2016-11-25,3321.33,3521.3,647919.2,000300.XSHG,184,沪深300
2016-11-28,3321.33,3535.08,650454.72,000300.XSHG,184,沪深300
2016-11-29,3321.33,3564.04,655783.36,000300.XSHG,184,沪深300
2016-11-30,3321.33,3538.0,650992.0,000300.XSHG,184,沪深300
2016-12-01,3321.33,3565.04,655967.36,000300.XSHG,184,沪深300
2016-12-02,3321.33,3528.95,649326.8,000300.XSHG,184,沪深300
2016-12-05,3321.33,3469.41,638371.44,000300.XSHG,184,沪深300
2016-12-06,3321.33,3459.15,636483.6,000300.XSHG,184,沪深300
2016-12-07,3321.33,3475.75,639538.0,000300.XSHG,184,沪深300
2016-12-08,3321.33,3470.14,638505.76,000300.XSHG,184,沪深300
2016-12-09,3321.33,3493.7,642840.8,000300.XSHG,184,沪深300
2016-12-12,3321.33,3409.18,627289.12,000300.XSHG,184,沪深300
2016-12-13,3321.33,3405.04,626527.36,000300.XSHG,184,沪深300
2016-12-14,3321.33,3378.95,621726.8,000300.XSHG,184,沪深300
2016-12-15,3321.33,3340.43,0.0,000300.XSHG,0,沪深300
2017-02-09,3396.29,3396.29,614728.49,000300.XSHG,181,沪深300
2017-02-10,3396.29,3413.49,617841.69,000300.XSHG,181,沪深300
2017-02-13,3396.29,3436.28,621966.68,000300.XSHG,181,沪深300
2017-02-14,3396.29,3435.8,621879.8,000300.XSHG,181,沪深300
2017-02-15,3396.29,3421.71,619329.51,000300.XSHG,181,沪深300
2017-02-16,3396.29,3440.93,622808.33,000300.XSHG,181,沪深300
2017-02-17,3396.29,3421.44,619280.64,000300.XSHG,181,沪深300
2017-02-20,3396.29,3471.39,628321.59,000300.XSHG,181,沪深300
2017-02-21,3396.29,3482.82,630390.42,000300.XSHG,181,沪深300
2017-02-22,3396.29,3489.76,631646.56,000300.XSHG,181,沪深300
2017-02-23,3396.29,3473.32,628670.92,000300.XSHG,181,沪深300
2017-02-24,3396.29,3473.85,628766.85,000300.XSHG,181,沪深300
2017-02-27,3396.29,3446.22,623765.82,000300.XSHG,181,沪深300
2017-02-28,3396.29,3452.81,624958.61,000300.XSHG,181,沪深300
2017-03-01,3396.29,3458.44,625977.64,000300.XSHG,181,沪深300
2017-03-02,3396.29,3435.1,621753.1,000300.XSHG,181,沪深300
2017-03-03,3396.29,3427.86,620442.66,000300.XSHG,181,沪深300
2017-03-06,3396.29,3446.48,623812.88,000300.XSHG,181,沪深300
2017-03-07,3396.29,3453.96,625166.76,000300.XSHG,181,沪深300
2017-03-08,3396.29,3448.73,624220.13,000300.XSHG,181,沪深300
2017-03-09,3396.29,3426.94,620276.14,000300.XSHG,181,沪深300
2017-03-10,3396.29,3427.89,620448.09,000300.XSHG,181,沪深300
2017-03-13,3396.29,3458.1,625916.1,000300.XSHG,181,沪深300
2017-03-14,3396.29,3456.69,625660.89,000300.XSHG,181,沪深300
2017-03-15,3396.29,3463.64,626918.84,000300.XSHG,181,沪深300
2017-03-16,3396.29,3481.51,630153.31,000300.XSHG,181,沪深300
2017-03-17,3396.29,3445.81,623691.61,000300.XSHG,181,沪深300
2017-03-20,3396.29,3449.61,624379.41,000300.XSHG,181,沪深300
2017-03-21,3396.29,3466.35,627409.35,000300.XSHG,181,沪深300
2017-03-22,3396.29,3450.05,624459.05,000300.XSHG,181,沪深300
2017-03-23,3396.29,3461.98,626618.38,000300.XSHG,181,沪深300
2017-03-24,3396.29,3489.6,631617.6,000300.XSHG,181,沪深300
2017-03-27,3396.29,3478.04,629525.24,000300.XSHG,181,沪深300
2017-03-28,3396.29,3469.81,628035.61,000300.XSHG,181,沪深300
2017-03-29,3396.29,3465.19,627199.39,000300.XSHG,181,沪深300
2017-03-30,3396.29,3436.76,622053.56,000300.XSHG,181,沪深300
2017-03-31,3396.29,3456.05,625545.05,000300.XSHG,181,沪深300
2017-04-05,3396.29,3503.89,634204.09,000300.XSHG,181,沪深300
2017-04-06,3396.29,3514.05,636043.05,000300.XSHG,181,沪深300
2017-04-07,3396.29,3517.46,636660.26,000300.XSHG,181,沪深300
2017-04-10,3396.29,3505.14,634430.34,000300.XSHG,181,沪深300
2017-04-11,3396.29,3517.33,636636.73,000300.XSHG,181,沪深300
2017-04-12,3396.29,3509.44,635208.64,000300.XSHG,181,沪深300
2017-04-13,3396.29,3514.57,636137.17,000300.XSHG,181,沪深300
2017-04-14,3396.29,3486.5,631056.5,000300.XSHG,181,沪深300
2017-04-17,3396.29,3479.94,629869.14,000300.XSHG,181,沪深300
2017-04-18,3396.29,3462.74,626755.94,000300.XSHG,181,沪深300
2017-04-19,3396.29,3445.88,623704.28,000300.XSHG,181,沪深300
2017-04-20,3396.29,3461.55,626540.55,000300.XSHG,181,沪深300
2017-04-21,3396.29,3466.79,627488.99,000300.XSHG,181,沪深300
2017-04-24,3396.29,3431.26,0.0,000300.XSHG,0,沪深300
2017-05-25,3485.66,3485.66,620447.48,000300.XSHG,178,沪深300
2017-05-26,3485.66,3480.43,619516.54,000300.XSHG,178,沪深300
2017-05-31,3485.66,3492.88,621732.64,000300.XSHG,178,沪深300
