datetime,commission,exec_id,last_price,last_quantity,order_book_id,order_id,position_effect,side,symbol,tax,trading_datetime,transaction_cost
2006-01-04 15:00:00,79.833264,1497347311,941.43,106,000300.XSHG,1497347311,,BUY,沪深300,0,2006-01-04 15:00:00,79.833264
2006-01-16 15:00:00,81.530112,1497347312,961.44,106,000300.XSHG,1497347312,,SELL,沪深300,0,2006-01-16 15:00:00,81.530112
2006-01-18 15:00:00,81.050288,1497347313,983.62,103,000300.XSHG,1497347313,,BUY,沪深300,0,2006-01-18 15:00:00,81.050288
2006-02-09 15:00:00,84.01504,1497347314,1019.6,103,000300.XSHG,1497347314,,SELL,沪深300,0,2006-02-09 15:00:00,84.01504
2006-02-10 15:00:00,84.238944,1497347315,1032.34,102,000300.XSHG,1497347315,,BUY,沪深300,0,2006-02-10 15:00:00,84.238944
2006-02-16 15:00:00,83.241792,1497347316,1020.12,102,000300.XSHG,1497347316,,SELL,沪深300,0,2006-02-16 15:00:00,83.241792
2006-02-21 15:00:00,83.1056,1497347317,1038.82,100,000300.XSHG,1497347317,,BUY,沪深300,0,2006-02-21 15:00:00,83.1056
2006-03-02 15:00:00,83.0936,1497347318,1038.67,100,000300.XSHG,1497347318,,SELL,沪深300,0,2006-03-02 15:00:00,83.0936
2006-03-13 15:00:00,82.404688,1497347319,1019.86,101,000300.XSHG,1497347319,,BUY,沪深300,0,2006-03-13 15:00:00,82.404688
2006-03-24 15:00:00,84.24208,1497347320,1042.6,101,000300.XSHG,1497347320,,SELL,沪深300,0,2006-03-24 15:00:00,84.24208
2006-03-27 15:00:00,84.499832,1497347321,1045.79,101,000300.XSHG,1497347321,,BUY,沪深300,0,2006-03-27 15:00:00,84.499832
2006-04-13 15:00:00,88.388736,1497347322,1093.92,101,000300.XSHG,1497347322,,SELL,沪深300,0,2006-04-13 15:00:00,88.388736
2006-04-14 15:00:00,87.699024,1497347323,1118.61,98,000300.XSHG,1497347323,,BUY,沪深300,0,2006-04-14 15:00:00,87.699024
2006-05-23 15:00:00,103.30376,1497347324,1317.65,98,000300.XSHG,1497347324,,SELL,沪深300,0,2006-05-23 15:00:00,103.30376
2006-05-26 15:00:00,103.287152,1497347325,1331.02,97,000300.XSHG,1497347325,,BUY,沪深300,0,2006-05-26 15:00:00,103.287152
2006-06-07 15:00:00,102.449848,1497347326,1320.23,97,000300.XSHG,1497347326,,SELL,沪深300,0,2006-06-07 15:00:00,102.449848
2006-06-16 15:00:00,102.277576,1497347327,1318.01,97,000300.XSHG,1497347327,,BUY,沪深300,0,2006-06-16 15:00:00,102.277576
2006-07-05 15:00:00,108.097576,1497347328,1393.01,97,000300.XSHG,1497347328,,SELL,沪深300,0,2006-07-05 15:00:00,108.097576
2006-07-06 15:00:00,107.81968,1497347329,1418.68,95,000300.XSHG,1497347329,,BUY,沪深300,0,2006-07-06 15:00:00,107.81968
2006-07-07 15:00:00,107.19268,1497347330,1410.43,95,000300.XSHG,1497347330,,SELL,沪深300,0,2006-07-07 15:00:00,107.19268
2006-07-10 15:00:00,107.32112,1497347331,1412.12,95,000300.XSHG,1497347331,,BUY,沪深300,0,2006-07-10 15:00:00,107.32112
2006-07-13 15:00:00,102.30284,1497347332,1346.09,95,000300.XSHG,1497347332,,SELL,沪深300,0,2006-07-13 15:00:00,102.30284
2006-07-24 15:00:00,102.130624,1497347333,1358.12,94,000300.XSHG,1497347333,,BUY,沪深300,0,2006-07-24 15:00:00,102.130624
2006-07-27 15:00:00,101.936608,1497347334,1355.54,94,000300.XSHG,1497347334,,SELL,沪深300,0,2006-07-27 15:00:00,101.936608
2006-08-09 15:00:00,102.10608,1497347335,1251.3,102,000300.XSHG,1497347335,,BUY,沪深300,0,2006-08-09 15:00:00,102.10608
2006-08-14 15:00:00,101.650752,1497347336,1245.72,102,000300.XSHG,1497347336,,SELL,沪深300,0,2006-08-14 15:00:00,101.650752
2006-08-15 15:00:00,101.2688,1497347337,1265.86,100,000300.XSHG,1497347337,,BUY,沪深300,0,2006-08-15 15:00:00,101.2688
2006-08-21 15:00:00,101.6448,1497347338,1270.56,100,000300.XSHG,1497347338,,SELL,沪深300,0,2006-08-21 15:00:00,101.6448
2006-08-22 15:00:00,101.793384,1497347339,1285.27,99,000300.XSHG,1497347339,,BUY,沪深300,0,2006-08-22 15:00:00,101.793384
2006-09-01 15:00:00,104.39352,1497347340,1318.1,99,000300.XSHG,1497347340,,SELL,沪深300,0,2006-09-01 15:00:00,104.39352
2006-09-04 15:00:00,103.769824,1497347341,1337.24,97,000300.XSHG,1497347341,,BUY,沪深300,0,2006-09-04 15:00:00,103.769824
2006-09-07 15:00:00,103.082288,1497347342,1328.38,97,000300.XSHG,1497347342,,SELL,沪深300,0,2006-09-07 15:00:00,103.082288
2006-09-11 15:00:00,102.816768,1497347343,1338.76,96,000300.XSHG,1497347343,,BUY,沪深300,0,2006-09-11 15:00:00,102.816768
2006-09-14 15:00:00,102.779904,1497347344,1338.28,96,000300.XSHG,1497347344,,SELL,沪深300,0,2006-09-14 15:00:00,102.779904
2006-09-15 15:00:00,102.446464,1497347345,1362.32,94,000300.XSHG,1497347345,,BUY,沪深300,0,2006-09-15 15:00:00,102.446464
2006-09-22 15:00:00,103.38872,1497347346,1374.85,94,000300.XSHG,1497347346,,SELL,沪深300,0,2006-09-22 15:00:00,103.38872
2006-09-28 15:00:00,103.1928,1497347347,1387.0,93,000300.XSHG,1497347347,,BUY,沪深300,0,2006-09-28 15:00:00,103.1928
2006-10-12 15:00:00,106.1316,1497347348,1426.5,93,000300.XSHG,1497347348,,SELL,沪深300,0,2006-10-12 15:00:00,106.1316
2006-10-18 15:00:00,105.806624,1497347349,1437.59,92,000300.XSHG,1497347349,,BUY,沪深300,0,2006-10-18 15:00:00,105.806624
2006-10-23 15:00:00,103.681792,1497347350,1408.72,92,000300.XSHG,1497347350,,SELL,沪深300,0,2006-10-23 15:00:00,103.681792
2006-10-24 15:00:00,103.6836,1497347351,1440.05,90,000300.XSHG,1497347351,,BUY,沪深300,0,2006-10-24 15:00:00,103.6836
2006-11-10 15:00:00,108.29232,1497347352,1504.06,90,000300.XSHG,1497347352,,SELL,沪深300,0,2006-11-10 15:00:00,108.29232
2006-11-15 15:00:00,108.047104,1497347353,1534.76,88,000300.XSHG,1497347353,,BUY,沪深300,0,2006-11-15 15:00:00,108.047104
2006-12-08 15:00:00,120.495232,1497347354,1711.58,88,000300.XSHG,1497347354,,SELL,沪深300,0,2006-12-08 15:00:00,120.495232
2006-12-11 15:00:00,120.282624,1497347355,1789.92,84,000300.XSHG,1497347355,,BUY,沪深300,0,2006-12-11 15:00:00,120.282624
2006-12-21 15:00:00,128.283456,1497347356,1908.98,84,000300.XSHG,1497347356,,SELL,沪深300,0,2006-12-21 15:00:00,128.283456
2006-12-25 15:00:00,128.75624,1497347357,1939.1,83,000300.XSHG,1497347357,,BUY,沪深300,0,2006-12-25 15:00:00,128.75624
2007-01-12 15:00:00,144.337,1497347358,2173.75,83,000300.XSHG,1497347358,,SELL,沪深300,0,2007-01-12 15:00:00,144.337
2007-01-15 15:00:00,142.730016,1497347359,2287.34,78,000300.XSHG,1497347359,,BUY,沪深300,0,2007-01-15 15:00:00,142.730016
2007-01-25 15:00:00,153.056592,1497347360,2452.83,78,000300.XSHG,1497347360,,SELL,沪深300,0,2007-01-25 15:00:00,153.056592
2007-01-26 15:00:00,152.785536,1497347361,2512.92,76,000300.XSHG,1497347361,,BUY,沪深300,0,2007-01-26 15:00:00,152.785536
2007-01-31 15:00:00,145.028672,1497347362,2385.34,76,000300.XSHG,1497347362,,SELL,沪深300,0,2007-01-31 15:00:00,145.028672
2007-02-07 15:00:00,145.979064,1497347363,2369.79,77,000300.XSHG,1497347363,,BUY,沪深300,0,2007-02-07 15:00:00,145.979064
2007-02-27 15:00:00,151.381384,1497347364,2457.49,77,000300.XSHG,1497347364,,SELL,沪深300,0,2007-02-27 15:00:00,151.381384
2007-03-06 15:00:00,151.2174,1497347365,2520.29,75,000300.XSHG,1497347365,,BUY,沪深300,0,2007-03-06 15:00:00,151.2174
2007-03-14 15:00:00,155.8416,1497347366,2597.36,75,000300.XSHG,1497347366,,SELL,沪深300,0,2007-03-14 15:00:00,155.8416
2007-03-15 15:00:00,154.50012,1497347367,2645.55,73,000300.XSHG,1497347367,,BUY,沪深300,0,2007-03-15 15:00:00,154.50012
2007-03-16 15:00:00,152.087032,1497347368,2604.23,73,000300.XSHG,1497347368,,SELL,沪深300,0,2007-03-16 15:00:00,152.087032
2007-03-19 15:00:00,153.182016,1497347369,2659.41,72,000300.XSHG,1497347369,,BUY,沪深300,0,2007-03-19 15:00:00,153.182016
2007-03-30 15:00:00,160.230528,1497347370,2781.78,72,000300.XSHG,1497347370,,SELL,沪深300,0,2007-03-30 15:00:00,160.230528
2007-04-02 15:00:00,159.60616,1497347371,2850.11,70,000300.XSHG,1497347371,,BUY,沪深300,0,2007-04-02 15:00:00,159.60616
2007-04-19 15:00:00,176.4168,1497347372,3150.3,70,000300.XSHG,1497347372,,SELL,沪深300,0,2007-04-19 15:00:00,176.4168
2007-04-20 15:00:00,176.305408,1497347373,3289.28,67,000300.XSHG,1497347373,,BUY,沪深300,0,2007-04-20 15:00:00,176.305408
2007-05-15 15:00:00,193.208704,1497347374,3604.64,67,000300.XSHG,1497347374,,SELL,沪深300,0,2007-05-15 15:00:00,193.208704
2007-05-16 15:00:00,192.41508,1497347375,3700.29,65,000300.XSHG,1497347375,,BUY,沪深300,0,2007-05-16 15:00:00,192.41508
2007-05-30 15:00:00,202.09592,1497347376,3886.46,65,000300.XSHG,1497347376,,SELL,沪深300,0,2007-05-30 15:00:00,202.09592
2007-06-07 15:00:00,200.76144,1497347377,3802.3,66,000300.XSHG,1497347377,,BUY,沪深300,0,2007-06-07 15:00:00,200.76144
2007-06-20 15:00:00,219.52128,1497347378,4157.6,66,000300.XSHG,1497347378,,SELL,沪深300,0,2007-06-20 15:00:00,219.52128
2007-06-21 15:00:00,218.25856,1497347379,4197.28,65,000300.XSHG,1497347379,,BUY,沪深300,0,2007-06-21 15:00:00,218.25856
2007-06-22 15:00:00,210.67436,1497347380,4051.43,65,000300.XSHG,1497347380,,SELL,沪深300,0,2007-06-22 15:00:00,210.67436
2007-06-27 15:00:00,210.10496,1497347381,4040.48,65,000300.XSHG,1497347381,,BUY,沪深300,0,2007-06-27 15:00:00,210.10496
2007-06-28 15:00:00,200.64304,1497347382,3858.52,65,000300.XSHG,1497347382,,SELL,沪深300,0,2007-06-28 15:00:00,200.64304
2007-07-09 15:00:00,201.76464,1497347383,3821.3,66,000300.XSHG,1497347383,,BUY,沪深300,0,2007-07-09 15:00:00,201.76464
2007-07-16 15:00:00,195.252816,1497347384,3697.97,66,000300.XSHG,1497347384,,SELL,沪深300,0,2007-07-16 15:00:00,195.252816
2007-07-17 15:00:00,194.03008,1497347385,3789.65,64,000300.XSHG,1497347385,,BUY,沪深300,0,2007-07-17 15:00:00,194.03008
2007-08-01 15:00:00,219.672576,1497347386,4290.48,64,000300.XSHG,1497347386,,SELL,沪深300,0,2007-08-01 15:00:00,219.672576
2007-08-02 15:00:00,220.035024,1497347387,4436.19,62,000300.XSHG,1497347387,,BUY,沪深300,0,2007-08-02 15:00:00,220.035024
2007-08-13 15:00:00,234.171024,1497347388,4721.19,62,000300.XSHG,1497347388,,SELL,沪深300,0,2007-08-13 15:00:00,234.171024
2007-08-14 15:00:00,234.023816,1497347389,4795.57,61,000300.XSHG,1497347389,,BUY,沪深300,0,2007-08-14 15:00:00,234.023816
2007-08-16 15:00:00,230.430672,1497347390,4721.94,61,000300.XSHG,1497347390,,SELL,沪深300,0,2007-08-16 15:00:00,230.430672
2007-08-20 15:00:00,230.592296,1497347391,4885.43,59,000300.XSHG,1497347391,,BUY,沪深300,0,2007-08-20 15:00:00,230.592296
2007-08-29 15:00:00,244.109904,1497347392,5171.82,59,000300.XSHG,1497347392,,SELL,沪深300,0,2007-08-29 15:00:00,244.109904
2007-08-30 15:00:00,243.193072,1497347393,5241.23,58,000300.XSHG,1497347393,,BUY,沪深300,0,2007-08-30 15:00:00,243.193072
2007-09-07 15:00:00,245.678256,1497347394,5294.79,58,000300.XSHG,1497347394,,SELL,沪深300,0,2007-09-07 15:00:00,245.678256
2007-09-10 15:00:00,245.201232,1497347395,5377.22,57,000300.XSHG,1497347395,,BUY,沪深300,0,2007-09-10 15:00:00,245.201232
2007-09-11 15:00:00,233.658504,1497347396,5124.09,57,000300.XSHG,1497347396,,SELL,沪深300,0,2007-09-11 15:00:00,233.658504
2007-09-13 15:00:00,231.118704,1497347397,5349.97,54,000300.XSHG,1497347397,,BUY,沪深300,0,2007-09-13 15:00:00,231.118704
2007-09-19 15:00:00,234.112464,1497347398,5419.27,54,000300.XSHG,1497347398,,SELL,沪深300,0,2007-09-19 15:00:00,234.112464
2007-09-20 15:00:00,237.380544,1497347399,5494.92,54,000300.XSHG,1497347399,,BUY,沪深300,0,2007-09-20 15:00:00,237.380544
2007-09-21 15:00:00,236.22192,1497347400,5468.1,54,000300.XSHG,1497347400,,SELL,沪深300,0,2007-09-21 15:00:00,236.22192
2007-09-24 15:00:00,233.78936,1497347401,5513.9,53,000300.XSHG,1497347401,,BUY,沪深300,0,2007-09-24 15:00:00,233.78936
2007-09-25 15:00:00,231.275888,1497347402,5454.62,53,000300.XSHG,1497347402,,SELL,沪深300,0,2007-09-25 15:00:00,231.275888
2007-09-28 15:00:00,232.161696,1497347403,5580.81,52,000300.XSHG,1497347403,,BUY,沪深300,0,2007-09-28 15:00:00,232.161696
2007-10-18 15:00:00,233.6152,1497347404,5615.75,52,000300.XSHG,1497347404,,SELL,沪深300,0,2007-10-18 15:00:00,233.6152
2007-10-24 15:00:00,232.461216,1497347405,5588.01,52,000300.XSHG,1497347405,,BUY,沪深300,0,2007-10-24 15:00:00,232.461216
2007-10-25 15:00:00,221.885664,1497347406,5333.79,52,000300.XSHG,1497347406,,SELL,沪深300,0,2007-10-25 15:00:00,221.885664
2007-10-29 15:00:00,220.3344,1497347407,5508.36,50,000300.XSHG,1497347407,,BUY,沪深300,0,2007-10-29 15:00:00,220.3344
2007-11-02 15:00:00,218.9172,1497347408,5472.93,50,000300.XSHG,1497347408,,SELL,沪深300,0,2007-11-02 15:00:00,218.9172
2007-11-14 15:00:00,218.185736,1497347409,5145.89,53,000300.XSHG,1497347409,,BUY,沪深300,0,2007-11-14 15:00:00,218.185736
2007-11-16 15:00:00,212.324784,1497347410,5007.66,53,000300.XSHG,1497347410,,SELL,沪深300,0,2007-11-16 15:00:00,212.324784
2007-11-20 15:00:00,214.941712,1497347411,5069.38,53,000300.XSHG,1497347411,,BUY,沪深300,0,2007-11-20 15:00:00,214.941712
2007-11-21 15:00:00,211.899088,1497347412,4997.62,53,000300.XSHG,1497347412,,SELL,沪深300,0,2007-11-21 15:00:00,211.899088
2007-11-29 15:00:00,209.177424,1497347413,4842.07,54,000300.XSHG,1497347413,,BUY,沪深300,0,2007-11-29 15:00:00,209.177424
2007-11-30 15:00:00,204.656112,1497347414,4737.41,54,000300.XSHG,1497347414,,SELL,沪深300,0,2007-11-30 15:00:00,204.656112
2007-12-03 15:00:00,206.179344,1497347415,4772.67,54,000300.XSHG,1497347415,,BUY,沪深300,0,2007-12-03 15:00:00,206.179344
2007-12-13 15:00:00,211.00176,1497347416,4884.3,54,000300.XSHG,1497347416,,SELL,沪深300,0,2007-12-13 15:00:00,211.00176
2007-12-19 15:00:00,209.722696,1497347417,4946.29,53,000300.XSHG,1497347417,,BUY,沪深300,0,2007-12-19 15:00:00,209.722696
2008-01-16 15:00:00,233.442528,1497347418,5505.72,53,000300.XSHG,1497347418,,SELL,沪深300,0,2008-01-16 15:00:00,233.442528
2008-01-25 15:00:00,231.530808,1497347419,5077.43,57,000300.XSHG,1497347419,,BUY,沪深300,0,2008-01-25 15:00:00,231.530808
2008-01-28 15:00:00,215.773728,1497347420,4731.88,57,000300.XSHG,1497347420,,SELL,沪深300,0,2008-01-28 15:00:00,215.773728
2008-02-04 15:00:00,217.80528,1497347421,4950.12,55,000300.XSHG,1497347421,,BUY,沪深300,0,2008-02-04 15:00:00,217.80528
2008-02-15 15:00:00,211.78564,1497347422,4813.31,55,000300.XSHG,1497347422,,SELL,沪深300,0,2008-02-15 15:00:00,211.78564
2008-02-18 15:00:00,212.154768,1497347423,4910.99,54,000300.XSHG,1497347423,,BUY,沪深300,0,2008-02-18 15:00:00,212.154768
2008-02-21 15:00:00,210.644496,1497347424,4876.03,54,000300.XSHG,1497347424,,SELL,沪深300,0,2008-02-21 15:00:00,210.644496
2008-02-28 15:00:00,207.068288,1497347425,4622.06,56,000300.XSHG,1497347425,,BUY,沪深300,0,2008-02-28 15:00:00,207.068288
2008-03-04 15:00:00,209.26752,1497347426,4671.15,56,000300.XSHG,1497347426,,SELL,沪深300,0,2008-03-04 15:00:00,209.26752
2008-03-20 15:00:00,211.296624,1497347427,4001.83,66,000300.XSHG,1497347427,,BUY,沪深300,0,2008-03-20 15:00:00,211.296624
2008-03-24 15:00:00,203.654352,1497347428,3857.09,66,000300.XSHG,1497347428,,SELL,沪深300,0,2008-03-24 15:00:00,203.654352
2008-03-28 15:00:00,203.74432,1497347429,3918.16,65,000300.XSHG,1497347429,,BUY,沪深300,0,2008-03-28 15:00:00,203.74432
2008-03-31 15:00:00,197.10756,1497347430,3790.53,65,000300.XSHG,1497347430,,SELL,沪深300,0,2008-03-31 15:00:00,197.10756
2008-04-07 15:00:00,196.905984,1497347431,3845.82,64,000300.XSHG,1497347431,,BUY,沪深300,0,2008-04-07 15:00:00,196.905984
2008-04-09 15:00:00,188.831744,1497347432,3688.12,64,000300.XSHG,1497347432,,SELL,沪深300,0,2008-04-09 15:00:00,188.831744
2008-04-23 15:00:00,187.882912,1497347433,3453.73,68,000300.XSHG,1497347433,,BUY,沪深300,0,2008-04-23 15:00:00,187.882912
2008-05-07 15:00:00,207.879808,1497347434,3821.32,68,000300.XSHG,1497347434,,SELL,沪深300,0,2008-05-07 15:00:00,207.879808
2008-05-14 15:00:00,206.74056,1497347435,3975.78,65,000300.XSHG,1497347435,,BUY,沪深300,0,2008-05-14 15:00:00,206.74056
2008-05-19 15:00:00,203.53164,1497347436,3914.07,65,000300.XSHG,1497347436,,SELL,沪深300,0,2008-05-19 15:00:00,203.53164
2008-05-28 15:00:00,202.927896,1497347437,3676.23,69,000300.XSHG,1497347437,,BUY,沪深300,0,2008-05-28 15:00:00,202.927896
2008-05-29 15:00:00,197.664024,1497347438,3580.87,69,000300.XSHG,1497347438,,SELL,沪深300,0,2008-05-29 15:00:00,197.664024
2008-05-30 15:00:00,199.345416,1497347439,3611.33,69,000300.XSHG,1497347439,,BUY,沪深300,0,2008-05-30 15:00:00,199.345416
2008-06-03 15:00:00,199.498872,1497347440,3614.11,69,000300.XSHG,1497347440,,SELL,沪深300,0,2008-06-03 15:00:00,199.498872
2008-06-18 15:00:00,198.620328,1497347441,2991.27,83,000300.XSHG,1497347441,,BUY,沪深300,0,2008-06-18 15:00:00,198.620328
2008-06-19 15:00:00,184.132512,1497347442,2773.08,83,000300.XSHG,1497347442,,SELL,沪深300,0,2008-06-19 15:00:00,184.132512
2008-06-24 15:00:00,184.804416,1497347443,2851.92,81,000300.XSHG,1497347443,,BUY,沪深300,0,2008-06-24 15:00:00,184.804416
2008-06-27 15:00:00,182.478096,1497347444,2816.02,81,000300.XSHG,1497347444,,SELL,沪深300,0,2008-06-27 15:00:00,182.478096
2008-07-03 15:00:00,181.096016,1497347445,2760.61,82,000300.XSHG,1497347445,,BUY,沪深300,0,2008-07-03 15:00:00,181.096016
2008-07-15 15:00:00,187.155488,1497347446,2852.98,82,000300.XSHG,1497347446,,SELL,沪深300,0,2008-07-15 15:00:00,187.155488
2008-07-21 15:00:00,186.3072,1497347447,2911.05,80,000300.XSHG,1497347447,,BUY,沪深300,0,2008-07-21 15:00:00,186.3072
2008-07-29 15:00:00,185.96032,1497347448,2905.63,80,000300.XSHG,1497347448,,SELL,沪深300,0,2008-07-29 15:00:00,185.96032
2008-08-15 15:00:00,186.01836,1497347449,2447.61,95,000300.XSHG,1497347449,,BUY,沪深300,0,2008-08-15 15:00:00,186.01836
2008-08-18 15:00:00,175.8184,1497347450,2313.4,95,000300.XSHG,1497347450,,SELL,沪深300,0,2008-08-18 15:00:00,175.8184
2008-08-20 15:00:00,176.292624,1497347451,2532.94,87,000300.XSHG,1497347451,,BUY,沪深300,0,2008-08-20 15:00:00,176.292624
2008-08-22 15:00:00,167.383128,1497347452,2404.93,87,000300.XSHG,1497347452,,SELL,沪深300,0,2008-08-22 15:00:00,167.383128
2008-08-29 15:00:00,166.458144,1497347453,2391.64,87,000300.XSHG,1497347453,,BUY,沪深300,0,2008-08-29 15:00:00,166.458144
2008-09-01 15:00:00,160.718232,1497347454,2309.17,87,000300.XSHG,1497347454,,SELL,沪深300,0,2008-09-01 15:00:00,160.718232
2008-09-19 15:00:00,160.873336,1497347455,2073.11,97,000300.XSHG,1497347455,,BUY,沪深300,0,2008-09-19 15:00:00,160.873336
2008-10-06 15:00:00,165.18712,1497347456,2128.7,97,000300.XSHG,1497347456,,SELL,沪深300,0,2008-10-06 15:00:00,165.18712
2008-10-20 15:00:00,165.394856,1497347457,1896.73,109,000300.XSHG,1497347457,,BUY,沪深300,0,2008-10-20 15:00:00,165.394856
2008-10-22 15:00:00,159.865504,1497347458,1833.32,109,000300.XSHG,1497347458,,SELL,沪深300,0,2008-10-22 15:00:00,159.865504
2008-11-05 15:00:00,159.670048,1497347459,1691.42,118,000300.XSHG,1497347459,,BUY,沪深300,0,2008-11-05 15:00:00,159.670048
2008-11-06 15:00:00,155.739232,1497347460,1649.78,118,000300.XSHG,1497347460,,SELL,沪深300,0,2008-11-06 15:00:00,155.739232
2008-11-07 15:00:00,155.702624,1497347461,1677.83,116,000300.XSHG,1497347461,,BUY,沪深300,0,2008-11-07 15:00:00,155.702624
2008-11-18 15:00:00,170.735296,1497347462,1839.82,116,000300.XSHG,1497347462,,SELL,沪深300,0,2008-11-18 15:00:00,170.735296
2008-11-19 15:00:00,170.315552,1497347463,1953.16,109,000300.XSHG,1497347463,,BUY,沪深300,0,2008-11-19 15:00:00,170.315552
2008-11-21 15:00:00,167.488528,1497347464,1920.74,109,000300.XSHG,1497347464,,SELL,沪深300,0,2008-11-21 15:00:00,167.488528
2008-11-27 15:00:00,166.097736,1497347465,1870.47,111,000300.XSHG,1497347465,,BUY,沪深300,0,2008-11-27 15:00:00,166.097736
2008-11-28 15:00:00,162.496896,1497347466,1829.92,111,000300.XSHG,1497347466,,SELL,沪深300,0,2008-11-28 15:00:00,162.496896
2008-12-01 15:00:00,162.559112,1497347467,1864.21,109,000300.XSHG,1497347467,,BUY,沪深300,0,2008-12-01 15:00:00,162.559112
2008-12-11 15:00:00,178.440848,1497347468,2046.34,109,000300.XSHG,1497347468,,SELL,沪深300,0,2008-12-11 15:00:00,178.440848
2008-12-17 15:00:00,177.726096,1497347469,2001.42,111,000300.XSHG,1497347469,,BUY,沪深300,0,2008-12-17 15:00:00,177.726096
2008-12-22 15:00:00,179.15844,1497347470,2017.55,111,000300.XSHG,1497347470,,SELL,沪深300,0,2008-12-22 15:00:00,179.15844
2009-01-05 15:00:00,179.257792,1497347471,1882.96,119,000300.XSHG,1497347471,,BUY,沪深300,0,2009-01-05 15:00:00,179.257792
2009-01-08 15:00:00,179.736648,1497347472,1887.99,119,000300.XSHG,1497347472,,SELL,沪深300,0,2009-01-08 15:00:00,179.736648
2009-01-09 15:00:00,179.558496,1497347473,1918.36,117,000300.XSHG,1497347473,,BUY,沪深300,0,2009-01-09 15:00:00,179.558496
2009-01-13 15:00:00,175.611384,1497347474,1876.19,117,000300.XSHG,1497347474,,SELL,沪深300,0,2009-01-13 15:00:00,175.611384
2009-01-14 15:00:00,175.189504,1497347475,1955.24,112,000300.XSHG,1497347475,,BUY,沪深300,0,2009-01-14 15:00:00,175.189504
2009-02-18 15:00:00,203.915264,1497347476,2275.84,112,000300.XSHG,1497347476,,SELL,沪深300,0,2009-02-18 15:00:00,203.915264
2009-02-23 15:00:00,204.408704,1497347477,2410.48,106,000300.XSHG,1497347477,,BUY,沪深300,0,2009-02-23 15:00:00,204.408704
2009-02-24 15:00:00,195.19688,1497347478,2301.85,106,000300.XSHG,1497347478,,SELL,沪深300,0,2009-02-24 15:00:00,195.19688
2009-03-04 15:00:00,193.78072,1497347479,2285.15,106,000300.XSHG,1497347479,,BUY,沪深300,0,2009-03-04 15:00:00,193.78072
2009-03-09 15:00:00,186.774544,1497347480,2202.53,106,000300.XSHG,1497347480,,SELL,沪深300,0,2009-03-09 15:00:00,186.774544
2009-03-16 15:00:00,186.501952,1497347481,2241.61,104,000300.XSHG,1497347481,,BUY,沪深300,0,2009-03-16 15:00:00,186.501952
2009-03-25 15:00:00,199.790656,1497347482,2401.33,104,000300.XSHG,1497347482,,SELL,沪深300,0,2009-03-25 15:00:00,199.790656
2009-03-26 15:00:00,200.367032,1497347483,2479.79,101,000300.XSHG,1497347483,,BUY,沪深300,0,2009-03-26 15:00:00,200.367032
2009-04-08 15:00:00,200.33148,1497347484,2479.35,101,000300.XSHG,1497347484,,SELL,沪深300,0,2009-04-08 15:00:00,200.33148
2009-04-10 15:00:00,199.336704,1497347485,2595.53,96,000300.XSHG,1497347485,,BUY,沪深300,0,2009-04-10 15:00:00,199.336704
2009-04-17 15:00:00,203.572992,1497347486,2650.69,96,000300.XSHG,1497347486,,SELL,沪深300,0,2009-04-17 15:00:00,203.572992
2009-04-20 15:00:00,203.616784,1497347487,2707.67,94,000300.XSHG,1497347487,,BUY,沪深300,0,2009-04-20 15:00:00,203.616784
2009-04-21 15:00:00,201.193088,1497347488,2675.44,94,000300.XSHG,1497347488,,SELL,沪深300,0,2009-04-21 15:00:00,201.193088
2009-04-29 15:00:00,200.092416,1497347489,2605.37,96,000300.XSHG,1497347489,,BUY,沪深300,0,2009-04-29 15:00:00,200.092416
2009-05-11 15:00:00,209.304576,1497347490,2725.32,96,000300.XSHG,1497347490,,SELL,沪深300,0,2009-05-11 15:00:00,209.304576
2009-05-12 15:00:00,209.699712,1497347491,2788.56,94,000300.XSHG,1497347491,,BUY,沪深300,0,2009-05-12 15:00:00,209.699712
2009-05-21 15:00:00,206.800752,1497347492,2750.01,94,000300.XSHG,1497347492,,SELL,沪深300,0,2009-05-21 15:00:00,206.800752
2009-05-27 15:00:00,205.322424,1497347493,2759.71,93,000300.XSHG,1497347493,,BUY,沪深300,0,2009-05-27 15:00:00,205.322424
2009-06-12 15:00:00,216.227976,1497347494,2906.29,93,000300.XSHG,1497347494,,SELL,沪深300,0,2009-06-12 15:00:00,216.227976
2009-06-15 15:00:00,215.938632,1497347495,2966.19,91,000300.XSHG,1497347495,,BUY,沪深300,0,2009-06-15 15:00:00,215.938632
2009-07-13 15:00:00,244.681528,1497347496,3361.01,91,000300.XSHG,1497347496,,SELL,沪深300,0,2009-07-13 15:00:00,244.681528
2009-07-14 15:00:00,245.9782,1497347497,3454.75,89,000300.XSHG,1497347497,,BUY,沪深300,0,2009-07-14 15:00:00,245.9782
2009-07-29 15:00:00,253.365912,1497347498,3558.51,89,000300.XSHG,1497347498,,SELL,沪深300,0,2009-07-29 15:00:00,253.365912
2009-07-31 15:00:00,250.966464,1497347499,3734.62,84,000300.XSHG,1497347499,,BUY,沪深300,0,2009-07-31 15:00:00,250.966464
2009-08-06 15:00:00,246.161664,1497347500,3663.12,84,000300.XSHG,1497347500,,SELL,沪深300,0,2009-08-06 15:00:00,246.161664
2009-08-21 15:00:00,246.038016,1497347501,3203.62,96,000300.XSHG,1497347501,,BUY,沪深300,0,2009-08-21 15:00:00,246.038016
2009-08-25 15:00:00,238.834944,1497347502,3109.83,96,000300.XSHG,1497347502,,SELL,沪深300,0,2009-08-25 15:00:00,238.834944
2009-08-26 15:00:00,238.563728,1497347503,3172.39,94,000300.XSHG,1497347503,,BUY,沪深300,0,2009-08-26 15:00:00,238.563728
2009-08-27 15:00:00,237.35376,1497347504,3156.3,94,000300.XSHG,1497347504,,SELL,沪深300,0,2009-08-27 15:00:00,237.35376
2009-09-03 15:00:00,236.832096,1497347505,3051.96,97,000300.XSHG,1497347505,,BUY,沪深300,0,2009-09-03 15:00:00,236.832096
2009-09-18 15:00:00,248.295944,1497347506,3199.69,97,000300.XSHG,1497347506,,SELL,沪深300,0,2009-09-18 15:00:00,248.295944
2009-10-09 15:00:00,248.034864,1497347507,3163.71,98,000300.XSHG,1497347507,,BUY,沪深300,0,2009-10-09 15:00:00,248.034864
2009-10-27 15:00:00,259.874048,1497347508,3314.72,98,000300.XSHG,1497347508,,SELL,沪深300,0,2009-10-27 15:00:00,259.874048
2009-11-02 15:00:00,260.56704,1497347509,3392.8,96,000300.XSHG,1497347509,,BUY,沪深300,0,2009-11-02 15:00:00,260.56704
2009-11-20 15:00:00,278.861568,1497347510,3631.01,96,000300.XSHG,1497347510,,SELL,沪深300,0,2009-11-20 15:00:00,278.861568
2009-11-23 15:00:00,278.57876,1497347511,3665.51,95,000300.XSHG,1497347511,,BUY,沪深300,0,2009-11-23 15:00:00,278.57876
2009-11-24 15:00:00,269.65408,1497347512,3548.08,95,000300.XSHG,1497347512,,SELL,沪深300,0,2009-11-24 15:00:00,269.65408
2009-11-25 15:00:00,267.140768,1497347513,3629.63,92,000300.XSHG,1497347513,,BUY,沪深300,0,2009-11-25 15:00:00,267.140768
2009-11-26 15:00:00,256.552672,1497347514,3485.77,92,000300.XSHG,1497347514,,SELL,沪深300,0,2009-11-26 15:00:00,256.552672
2009-11-30 15:00:00,258.458912,1497347515,3511.67,92,000300.XSHG,1497347515,,BUY,沪深300,0,2009-11-30 15:00:00,258.458912
2009-12-08 15:00:00,266.727872,1497347516,3624.02,92,000300.XSHG,1497347516,,SELL,沪深300,0,2009-12-08 15:00:00,266.727872
2009-12-14 15:00:00,265.8984,1497347517,3612.75,92,000300.XSHG,1497347517,,BUY,沪深300,0,2009-12-14 15:00:00,265.8984
2009-12-16 15:00:00,262.068992,1497347518,3560.72,92,000300.XSHG,1497347518,,SELL,沪深300,0,2009-12-16 15:00:00,262.068992
2009-12-24 15:00:00,261.35032,1497347519,3438.82,95,000300.XSHG,1497347519,,BUY,沪深300,0,2009-12-24 15:00:00,261.35032
2010-01-06 15:00:00,269.17148,1497347520,3541.73,95,000300.XSHG,1497347520,,SELL,沪深300,0,2010-01-06 15:00:00,269.17148
2010-01-12 15:00:00,268.65392,1497347521,3534.92,95,000300.XSHG,1497347521,,BUY,沪深300,0,2010-01-12 15:00:00,268.65392
2010-01-13 15:00:00,260.00664,1497347522,3421.14,95,000300.XSHG,1497347522,,SELL,沪深300,0,2010-01-13 15:00:00,260.00664
2010-01-15 15:00:00,259.115856,1497347523,3482.74,93,000300.XSHG,1497347523,,BUY,沪深300,0,2010-01-15 15:00:00,259.115856
2010-01-20 15:00:00,252.545592,1497347524,3394.43,93,000300.XSHG,1497347524,,SELL,沪深300,0,2010-01-20 15:00:00,252.545592
2010-02-03 15:00:00,253.288448,1497347525,3230.72,98,000300.XSHG,1497347525,,BUY,沪深300,0,2010-02-03 15:00:00,253.288448
2010-02-05 15:00:00,247.202256,1497347526,3153.09,98,000300.XSHG,1497347526,,SELL,沪深300,0,2010-02-05 15:00:00,247.202256
2010-02-10 15:00:00,246.845184,1497347527,3214.13,96,000300.XSHG,1497347527,,BUY,沪深300,0,2010-02-10 15:00:00,246.845184
2010-02-23 15:00:00,245.654784,1497347528,3198.63,96,000300.XSHG,1497347528,,SELL,沪深300,0,2010-02-23 15:00:00,245.654784
2010-02-24 15:00:00,243.984896,1497347529,3244.48,94,000300.XSHG,1497347529,,BUY,沪深300,0,2010-02-24 15:00:00,243.984896
2010-03-04 15:00:00,244.442864,1497347530,3250.57,94,000300.XSHG,1497347530,,SELL,沪深300,0,2010-03-04 15:00:00,244.442864
2010-03-09 15:00:00,243.311296,1497347531,3305.86,92,000300.XSHG,1497347531,,BUY,沪深300,0,2010-03-09 15:00:00,243.311296
2010-03-11 15:00:00,241.165856,1497347532,3276.71,92,000300.XSHG,1497347532,,SELL,沪深300,0,2010-03-11 15:00:00,241.165856
2010-03-17 15:00:00,240.960512,1497347533,3273.92,92,000300.XSHG,1497347533,,BUY,沪深300,0,2010-03-17 15:00:00,240.960512
2010-03-23 15:00:00,241.081952,1497347534,3275.57,92,000300.XSHG,1497347534,,SELL,沪深300,0,2010-03-23 15:00:00,241.081952
2010-03-26 15:00:00,241.04,1497347535,3275.0,92,000300.XSHG,1497347535,,BUY,沪深300,0,2010-03-26 15:00:00,241.04
2010-04-07 15:00:00,249.27952,1497347536,3386.95,92,000300.XSHG,1497347536,,SELL,沪深300,0,2010-04-07 15:00:00,249.27952
2010-04-13 15:00:00,249.630592,1497347537,3391.72,92,000300.XSHG,1497347537,,BUY,沪深300,0,2010-04-13 15:00:00,249.630592
2010-04-16 15:00:00,247.025888,1497347538,3356.33,92,000300.XSHG,1497347538,,SELL,沪深300,0,2010-04-16 15:00:00,247.025888
2010-05-13 15:00:00,247.119496,1497347539,2886.91,107,000300.XSHG,1497347539,,BUY,沪深300,0,2010-05-13 15:00:00,247.119496
2010-05-17 15:00:00,232.380032,1497347540,2714.72,107,000300.XSHG,1497347540,,SELL,沪深300,0,2010-05-17 15:00:00,232.380032
2010-05-21 15:00:00,232.57836,1497347541,2768.79,105,000300.XSHG,1497347541,,BUY,沪深300,0,2010-05-21 15:00:00,232.57836
2010-05-31 15:00:00,232.95384,1497347542,2773.26,105,000300.XSHG,1497347542,,SELL,沪深300,0,2010-05-31 15:00:00,232.95384
2010-06-09 15:00:00,231.473216,1497347543,2782.13,104,000300.XSHG,1497347543,,BUY,沪深300,0,2010-06-09 15:00:00,231.473216
2010-06-17 15:00:00,228.195136,1497347544,2742.73,104,000300.XSHG,1497347544,,SELL,沪深300,0,2010-06-17 15:00:00,228.195136
2010-06-21 15:00:00,226.901856,1497347545,2780.66,102,000300.XSHG,1497347545,,BUY,沪深300,0,2010-06-21 15:00:00,226.901856
2010-06-25 15:00:00,223.281264,1497347546,2736.29,102,000300.XSHG,1497347546,,SELL,沪深300,0,2010-06-25 15:00:00,223.281264
2010-07-06 15:00:00,223.48488,1497347547,2562.9,109,000300.XSHG,1497347547,,BUY,沪深300,0,2010-07-06 15:00:00,223.48488
2010-07-15 15:00:00,227.462944,1497347548,2608.52,109,000300.XSHG,1497347548,,SELL,沪深300,0,2010-07-15 15:00:00,227.462944
2010-07-19 15:00:00,227.473456,1497347549,2682.47,106,000300.XSHG,1497347549,,BUY,沪深300,0,2010-07-19 15:00:00,227.473456
2010-08-03 15:00:00,243.034256,1497347550,2865.97,106,000300.XSHG,1497347550,,SELL,沪深300,0,2010-08-03 15:00:00,243.034256
2010-08-06 15:00:00,243.40344,1497347551,2897.66,105,000300.XSHG,1497347551,,BUY,沪深300,0,2010-08-06 15:00:00,243.40344
2010-08-10 15:00:00,237.94176,1497347552,2832.64,105,000300.XSHG,1497347552,,SELL,沪深300,0,2010-08-10 15:00:00,237.94176
2010-08-13 15:00:00,237.58176,1497347553,2855.55,104,000300.XSHG,1497347553,,BUY,沪深300,0,2010-08-13 15:00:00,237.58176
2010-08-20 15:00:00,241.141056,1497347554,2898.33,104,000300.XSHG,1497347554,,SELL,沪深300,0,2010-08-20 15:00:00,241.141056
2010-08-30 15:00:00,240.196824,1497347555,2915.01,103,000300.XSHG,1497347555,,BUY,沪深300,0,2010-08-30 15:00:00,240.196824
2010-09-09 15:00:00,241.140304,1497347556,2926.46,103,000300.XSHG,1497347556,,SELL,沪深300,0,2010-09-09 15:00:00,241.140304
2010-09-13 15:00:00,241.725312,1497347557,2962.32,102,000300.XSHG,1497347557,,BUY,沪深300,0,2010-09-13 15:00:00,241.725312
2010-09-15 15:00:00,237.716304,1497347558,2913.19,102,000300.XSHG,1497347558,,SELL,沪深300,0,2010-09-15 15:00:00,237.716304
2010-09-27 15:00:00,237.050448,1497347559,2905.03,102,000300.XSHG,1497347559,,BUY,沪深300,0,2010-09-27 15:00:00,237.050448
2010-10-27 15:00:00,277.755792,1497347560,3403.87,102,000300.XSHG,1497347560,,SELL,沪深300,0,2010-10-27 15:00:00,277.755792
2010-11-01 15:00:00,275.0616,1497347561,3473.0,99,000300.XSHG,1497347561,,BUY,沪深300,0,2010-11-01 15:00:00,275.0616
2010-11-03 15:00:00,270.890928,1497347562,3420.34,99,000300.XSHG,1497347562,,SELL,沪深300,0,2010-11-03 15:00:00,270.890928
2010-11-04 15:00:00,272.8712,1497347563,3480.5,98,000300.XSHG,1497347563,,BUY,沪深300,0,2010-11-04 15:00:00,272.8712
2010-11-10 15:00:00,274.330224,1497347564,3499.11,98,000300.XSHG,1497347564,,SELL,沪深300,0,2010-11-10 15:00:00,274.330224
2010-11-22 15:00:00,274.055616,1497347565,3171.94,108,000300.XSHG,1497347565,,BUY,沪深300,0,2010-11-22 15:00:00,274.055616
2010-11-23 15:00:00,268.460352,1497347566,3107.18,108,000300.XSHG,1497347566,,SELL,沪深300,0,2010-11-23 15:00:00,268.460352
2010-11-24 15:00:00,266.87136,1497347567,3177.04,105,000300.XSHG,1497347567,,BUY,沪深300,0,2010-11-24 15:00:00,266.87136
2010-11-30 15:00:00,263.50632,1497347568,3136.98,105,000300.XSHG,1497347568,,SELL,沪深300,0,2010-11-30 15:00:00,263.50632
2010-12-03 15:00:00,262.758912,1497347569,3158.16,104,000300.XSHG,1497347569,,BUY,沪深300,0,2010-12-03 15:00:00,262.758912
2010-12-09 15:00:00,259.864384,1497347570,3123.37,104,000300.XSHG,1497347570,,SELL,沪深300,0,2010-12-09 15:00:00,259.864384
2010-12-13 15:00:00,260.8848,1497347571,3261.06,100,000300.XSHG,1497347571,,BUY,沪深300,0,2010-12-13 15:00:00,260.8848
2010-12-16 15:00:00,258.4528,1497347572,3230.66,100,000300.XSHG,1497347572,,SELL,沪深300,0,2010-12-16 15:00:00,258.4528
2010-12-21 15:00:00,257.361192,1497347573,3249.51,99,000300.XSHG,1497347573,,BUY,沪深300,0,2010-12-21 15:00:00,257.361192
2010-12-22 15:00:00,254.66364,1497347574,3215.45,99,000300.XSHG,1497347574,,SELL,沪深300,0,2010-12-22 15:00:00,254.66364
2010-12-31 15:00:00,252.763408,1497347575,3128.26,101,000300.XSHG,1497347575,,BUY,沪深300,0,2010-12-31 15:00:00,252.763408
2011-01-10 15:00:00,251.141752,1497347576,3108.19,101,000300.XSHG,1497347576,,SELL,沪深300,0,2011-01-10 15:00:00,251.141752
2011-01-12 15:00:00,251.3872,1497347577,3142.34,100,000300.XSHG,1497347577,,BUY,沪深300,0,2011-01-12 15:00:00,251.3872
2011-01-14 15:00:00,247.3488,1497347578,3091.86,100,000300.XSHG,1497347578,,SELL,沪深300,0,2011-01-14 15:00:00,247.3488
2011-01-26 15:00:00,247.805376,1497347579,2978.43,104,000300.XSHG,1497347579,,BUY,沪深300,0,2011-01-26 15:00:00,247.805376
2011-02-09 15:00:00,253.00704,1497347580,3040.95,104,000300.XSHG,1497347580,,SELL,沪深300,0,2011-02-09 15:00:00,253.00704
2011-02-10 15:00:00,253.299456,1497347581,3104.16,102,000300.XSHG,1497347581,,BUY,沪深300,0,2011-02-10 15:00:00,253.299456
2011-02-18 15:00:00,262.089408,1497347582,3211.88,102,000300.XSHG,1497347582,,SELL,沪深300,0,2011-02-18 15:00:00,262.089408
2011-02-21 15:00:00,260.6328,1497347583,3257.91,100,000300.XSHG,1497347583,,BUY,沪深300,0,2011-02-21 15:00:00,260.6328
2011-02-22 15:00:00,253.0864,1497347584,3163.58,100,000300.XSHG,1497347584,,SELL,沪深300,0,2011-02-22 15:00:00,253.0864
2011-02-25 15:00:00,253.251504,1497347585,3197.62,99,000300.XSHG,1497347585,,BUY,沪深300,0,2011-02-25 15:00:00,253.251504
2011-03-03 15:00:00,255.160224,1497347586,3221.72,99,000300.XSHG,1497347586,,SELL,沪深300,0,2011-03-03 15:00:00,255.160224
2011-03-04 15:00:00,253.803992,1497347587,3270.67,97,000300.XSHG,1497347587,,BUY,沪深300,0,2011-03-04 15:00:00,253.803992
2011-03-10 15:00:00,254.548176,1497347588,3280.26,97,000300.XSHG,1497347588,,SELL,沪深300,0,2011-03-10 15:00:00,254.548176
2011-03-22 15:00:00,255.258432,1497347589,3222.96,99,000300.XSHG,1497347589,,BUY,沪深300,0,2011-03-22 15:00:00,255.258432
2011-03-29 15:00:00,258.032016,1497347590,3257.98,99,000300.XSHG,1497347590,,SELL,沪深300,0,2011-03-29 15:00:00,258.032016
2011-04-01 15:00:00,256.582032,1497347591,3272.73,98,000300.XSHG,1497347591,,BUY,沪深300,0,2011-04-01 15:00:00,256.582032
2011-04-12 15:00:00,260.818768,1497347592,3326.77,98,000300.XSHG,1497347592,,SELL,沪深300,0,2011-04-12 15:00:00,260.818768
2011-04-13 15:00:00,261.669528,1497347593,3372.03,97,000300.XSHG,1497347593,,BUY,沪深300,0,2011-04-13 15:00:00,261.669528
2011-04-19 15:00:00,255.754856,1497347594,3295.81,97,000300.XSHG,1497347594,,SELL,沪深300,0,2011-04-19 15:00:00,255.754856
2011-05-03 15:00:00,254.321496,1497347595,3211.13,99,000300.XSHG,1497347595,,BUY,沪深300,0,2011-05-03 15:00:00,254.321496
2011-05-04 15:00:00,247.819176,1497347596,3129.03,99,000300.XSHG,1497347596,,SELL,沪深300,0,2011-05-04 15:00:00,247.819176
2011-05-10 15:00:00,247.212448,1497347597,3153.22,98,000300.XSHG,1497347597,,BUY,沪深300,0,2011-05-10 15:00:00,247.212448
2011-05-12 15:00:00,243.16544,1497347598,3101.6,98,000300.XSHG,1497347598,,SELL,沪深300,0,2011-05-12 15:00:00,243.16544
2011-05-18 15:00:00,243.615888,1497347599,3139.38,97,000300.XSHG,1497347599,,BUY,沪深300,0,2011-05-18 15:00:00,243.615888
2011-05-19 15:00:00,242.161664,1497347600,3120.64,97,000300.XSHG,1497347600,,SELL,沪深300,0,2011-05-19 15:00:00,242.161664
2011-05-20 15:00:00,242.23616,1497347601,3121.6,97,000300.XSHG,1497347601,,BUY,沪深300,0,2011-05-20 15:00:00,242.23616
2011-05-23 15:00:00,234.583248,1497347602,3022.98,97,000300.XSHG,1497347602,,SELL,沪深300,0,2011-05-23 15:00:00,234.583248
2011-05-31 15:00:00,232.921056,1497347603,3001.56,97,000300.XSHG,1497347603,,BUY,沪深300,0,2011-05-31 15:00:00,232.921056
2011-06-02 15:00:00,229.36232,1497347604,2955.7,97,000300.XSHG,1497347604,,SELL,沪深300,0,2011-06-02 15:00:00,229.36232
2011-06-03 15:00:00,229.35168,1497347605,2986.35,96,000300.XSHG,1497347605,,BUY,沪深300,0,2011-06-03 15:00:00,229.35168
2011-06-09 15:00:00,226.705152,1497347606,2951.89,96,000300.XSHG,1497347606,,SELL,沪深300,0,2011-06-09 15:00:00,226.705152
2011-06-14 15:00:00,225.115712,1497347607,2993.56,94,000300.XSHG,1497347607,,BUY,沪深300,0,2011-06-14 15:00:00,225.115712
2011-06-15 15:00:00,222.826624,1497347608,2963.12,94,000300.XSHG,1497347608,,SELL,沪深300,0,2011-06-15 15:00:00,222.826624
2011-06-22 15:00:00,223.378944,1497347609,2908.58,96,000300.XSHG,1497347609,,BUY,沪深300,0,2011-06-22 15:00:00,223.378944
2011-06-29 15:00:00,230.413056,1497347610,3000.17,96,000300.XSHG,1497347610,,SELL,沪深300,0,2011-06-29 15:00:00,230.413056
2011-06-30 15:00:00,228.915568,1497347611,3044.09,94,000300.XSHG,1497347611,,BUY,沪深300,0,2011-06-30 15:00:00,228.915568
2011-07-07 15:00:00,233.246336,1497347612,3101.68,94,000300.XSHG,1497347612,,SELL,沪深300,0,2011-07-07 15:00:00,233.246336
2011-07-11 15:00:00,234.113392,1497347613,3113.21,94,000300.XSHG,1497347613,,BUY,沪深300,0,2011-07-11 15:00:00,234.113392
2011-07-12 15:00:00,229.87888,1497347614,3056.9,94,000300.XSHG,1497347614,,SELL,沪深300,0,2011-07-12 15:00:00,229.87888
2011-07-13 15:00:00,228.62,1497347615,3106.25,92,000300.XSHG,1497347615,,BUY,沪深300,0,2011-07-13 15:00:00,228.62
2011-07-19 15:00:00,227.800832,1497347616,3095.12,92,000300.XSHG,1497347616,,SELL,沪深300,0,2011-07-19 15:00:00,227.800832
2011-08-11 15:00:00,229.3536,1497347617,2866.92,100,000300.XSHG,1497347617,,BUY,沪深300,0,2011-08-11 15:00:00,229.3536
2011-08-17 15:00:00,230.8808,1497347618,2886.01,100,000300.XSHG,1497347618,,SELL,沪深300,0,2011-08-17 15:00:00,230.8808
2011-08-25 15:00:00,229.984128,1497347619,2903.84,99,000300.XSHG,1497347619,,BUY,沪深300,0,2011-08-25 15:00:00,229.984128
2011-08-29 15:00:00,225.942552,1497347620,2852.81,99,000300.XSHG,1497347620,,SELL,沪深300,0,2011-08-29 15:00:00,225.942552
2011-09-07 15:00:00,224.550472,1497347621,2779.09,101,000300.XSHG,1497347621,,BUY,沪深300,0,2011-09-07 15:00:00,224.550472
2011-09-08 15:00:00,222.69288,1497347622,2756.1,101,000300.XSHG,1497347622,,SELL,沪深300,0,2011-09-08 15:00:00,222.69288
2011-09-09 15:00:00,222.288072,1497347623,2751.09,101,000300.XSHG,1497347623,,BUY,沪深300,0,2011-09-09 15:00:00,222.288072
2011-09-13 15:00:00,219.798624,1497347624,2720.28,101,000300.XSHG,1497347624,,SELL,沪深300,0,2011-09-13 15:00:00,219.798624
2011-09-16 15:00:00,220.906392,1497347625,2733.99,101,000300.XSHG,1497347625,,BUY,沪深300,0,2011-09-16 15:00:00,220.906392
2011-09-19 15:00:00,216.485016,1497347626,2679.27,101,000300.XSHG,1497347626,,SELL,沪深300,0,2011-09-19 15:00:00,216.485016
2011-09-21 15:00:00,215.030376,1497347627,2771.01,97,000300.XSHG,1497347627,,BUY,沪深300,0,2011-09-21 15:00:00,215.030376
2011-09-22 15:00:00,208.409544,1497347628,2685.69,97,000300.XSHG,1497347628,,SELL,沪深300,0,2011-09-22 15:00:00,208.409544
2011-10-12 15:00:00,207.349184,1497347629,2644.76,98,000300.XSHG,1497347629,,BUY,沪深300,0,2011-10-12 15:00:00,207.349184
2011-10-18 15:00:00,203.229264,1497347630,2592.21,98,000300.XSHG,1497347630,,SELL,沪深300,0,2011-10-18 15:00:00,203.229264
2011-10-24 15:00:00,204.072264,1497347631,2576.67,99,000300.XSHG,1497347631,,BUY,沪深300,0,2011-10-24 15:00:00,204.072264
2011-11-07 15:00:00,216.711,1497347632,2736.25,99,000300.XSHG,1497347632,,SELL,沪深300,0,2011-11-07 15:00:00,216.711
2011-11-09 15:00:00,215.72936,1497347633,2751.65,98,000300.XSHG,1497347633,,BUY,沪深300,0,2011-11-09 15:00:00,215.72936
2011-11-10 15:00:00,211.647856,1497347634,2699.59,98,000300.XSHG,1497347634,,SELL,沪深300,0,2011-11-10 15:00:00,211.647856
2011-11-14 15:00:00,211.21536,1497347635,2750.2,96,000300.XSHG,1497347635,,BUY,沪深300,0,2011-11-14 15:00:00,211.21536
2011-11-16 15:00:00,205.065216,1497347636,2670.12,96,000300.XSHG,1497347636,,SELL,沪深300,0,2011-11-16 15:00:00,205.065216
2011-11-29 15:00:00,204.511888,1497347637,2608.57,98,000300.XSHG,1497347637,,BUY,沪深300,0,2011-11-29 15:00:00,204.511888
2011-11-30 15:00:00,197.687168,1497347638,2521.52,98,000300.XSHG,1497347638,,SELL,沪深300,0,2011-11-30 15:00:00,197.687168
2011-12-01 15:00:00,198.421248,1497347639,2583.61,96,000300.XSHG,1497347639,,BUY,沪深300,0,2011-12-01 15:00:00,198.421248
2011-12-02 15:00:00,196.401408,1497347640,2557.31,96,000300.XSHG,1497347640,,SELL,沪深300,0,2011-12-02 15:00:00,196.401408
2011-12-30 15:00:00,195.165568,1497347641,2345.74,104,000300.XSHG,1497347641,,BUY,沪深300,0,2011-12-30 15:00:00,195.165568
2012-01-04 15:00:00,191.256,1497347642,2298.75,104,000300.XSHG,1497347642,,SELL,沪深300,0,2012-01-04 15:00:00,191.256
2012-01-09 15:00:00,191.380456,1497347643,2368.57,101,000300.XSHG,1497347643,,BUY,沪深300,0,2012-01-09 15:00:00,191.380456
2012-01-13 15:00:00,193.461864,1497347644,2394.33,101,000300.XSHG,1497347644,,SELL,沪深300,0,2012-01-13 15:00:00,193.461864
2012-01-17 15:00:00,192.91104,1497347645,2460.6,98,000300.XSHG,1497347645,,BUY,沪深300,0,2012-01-17 15:00:00,192.91104
2012-01-30 15:00:00,192.920448,1497347646,2460.72,98,000300.XSHG,1497347646,,SELL,沪深300,0,2012-01-30 15:00:00,192.920448
2012-01-31 15:00:00,193.197984,1497347647,2464.26,98,000300.XSHG,1497347647,,BUY,沪深300,0,2012-01-31 15:00:00,193.197984
2012-02-01 15:00:00,190.432816,1497347648,2428.99,98,000300.XSHG,1497347648,,SELL,沪深300,0,2012-02-01 15:00:00,190.432816
2012-02-02 15:00:00,190.943232,1497347649,2486.24,96,000300.XSHG,1497347649,,BUY,沪深300,0,2012-02-02 15:00:00,190.943232
2012-02-07 15:00:00,188.77056,1497347650,2457.95,96,000300.XSHG,1497347650,,SELL,沪深300,0,2012-02-07 15:00:00,188.77056
2012-02-08 15:00:00,188.101056,1497347651,2528.24,93,000300.XSHG,1497347651,,BUY,沪深300,0,2012-02-08 15:00:00,188.101056
2012-02-14 15:00:00,187.644984,1497347652,2522.11,93,000300.XSHG,1497347652,,SELL,沪深300,0,2012-02-14 15:00:00,187.644984
2012-02-15 15:00:00,187.651296,1497347653,2549.61,92,000300.XSHG,1497347653,,BUY,沪深300,0,2012-02-15 15:00:00,187.651296
2012-02-29 15:00:00,193.872704,1497347654,2634.14,92,000300.XSHG,1497347654,,SELL,沪深300,0,2012-02-29 15:00:00,193.872704
2012-03-02 15:00:00,192.95496,1497347655,2679.93,90,000300.XSHG,1497347655,,BUY,沪深300,0,2012-03-02 15:00:00,192.95496
2012-03-06 15:00:00,188.7156,1497347656,2621.05,90,000300.XSHG,1497347656,,SELL,沪深300,0,2012-03-06 15:00:00,188.7156
2012-03-09 15:00:00,187.56672,1497347657,2664.3,88,000300.XSHG,1497347657,,BUY,沪深300,0,2012-03-09 15:00:00,187.56672
2012-03-14 15:00:00,183.399744,1497347658,2605.11,88,000300.XSHG,1497347658,,SELL,沪深300,0,2012-03-14 15:00:00,183.399744
2012-03-19 15:00:00,183.048696,1497347659,2630.01,87,000300.XSHG,1497347659,,BUY,沪深300,0,2012-03-19 15:00:00,183.048696
2012-03-20 15:00:00,179.87772,1497347660,2584.45,87,000300.XSHG,1497347660,,SELL,沪深300,0,2012-03-20 15:00:00,179.87772
2012-04-05 15:00:00,180.92376,1497347661,2512.83,90,000300.XSHG,1497347661,,BUY,沪深300,0,2012-04-05 15:00:00,180.92376
2012-04-17 15:00:00,183.01536,1497347662,2541.88,90,000300.XSHG,1497347662,,SELL,沪深300,0,2012-04-17 15:00:00,183.01536
2012-04-18 15:00:00,183.033664,1497347663,2599.91,88,000300.XSHG,1497347663,,BUY,沪深300,0,2012-04-18 15:00:00,183.033664
2012-04-24 15:00:00,183.382848,1497347664,2604.87,88,000300.XSHG,1497347664,,SELL,沪深300,0,2012-04-24 15:00:00,183.382848
2012-04-25 15:00:00,182.768904,1497347665,2625.99,87,000300.XSHG,1497347665,,BUY,沪深300,0,2012-04-25 15:00:00,182.768904
2012-05-09 15:00:00,184.962696,1497347666,2657.51,87,000300.XSHG,1497347666,,SELL,沪深300,0,2012-05-09 15:00:00,184.962696
2012-05-17 15:00:00,184.021376,1497347667,2613.94,88,000300.XSHG,1497347667,,BUY,沪深300,0,2012-05-17 15:00:00,184.021376
2012-05-18 15:00:00,181.208192,1497347668,2573.98,88,000300.XSHG,1497347668,,SELL,沪深300,0,2012-05-18 15:00:00,181.208192
2012-05-22 15:00:00,180.773376,1497347669,2627.52,86,000300.XSHG,1497347669,,BUY,沪深300,0,2012-05-22 15:00:00,180.773376
2012-05-24 15:00:00,178.553888,1497347670,2595.26,86,000300.XSHG,1497347670,,SELL,沪深300,0,2012-05-24 15:00:00,178.553888
2012-05-28 15:00:00,177.79892,1497347671,2614.69,85,000300.XSHG,1497347671,,BUY,沪深300,0,2012-05-28 15:00:00,177.79892
2012-06-01 15:00:00,179.044,1497347672,2633.0,85,000300.XSHG,1497347672,,SELL,沪深300,0,2012-06-01 15:00:00,179.044
2012-06-11 15:00:00,180.102208,1497347673,2558.27,88,000300.XSHG,1497347673,,BUY,沪深300,0,2012-06-11 15:00:00,180.102208
2012-06-12 15:00:00,178.828672,1497347674,2540.18,88,000300.XSHG,1497347674,,SELL,沪深300,0,2012-06-12 15:00:00,178.828672
2012-06-13 15:00:00,177.548032,1497347675,2580.64,86,000300.XSHG,1497347675,,BUY,沪深300,0,2012-06-13 15:00:00,177.548032
2012-06-19 15:00:00,176.033056,1497347676,2558.62,86,000300.XSHG,1497347676,,SELL,沪深300,0,2012-06-19 15:00:00,176.033056
2012-06-29 15:00:00,175.266632,1497347677,2461.61,89,000300.XSHG,1497347677,,BUY,沪深300,0,2012-06-29 15:00:00,175.266632
2012-07-05 15:00:00,173.042344,1497347678,2430.37,89,000300.XSHG,1497347678,,SELL,沪深300,0,2012-07-05 15:00:00,173.042344
2012-07-06 15:00:00,174.071744,1497347679,2472.61,88,000300.XSHG,1497347679,,BUY,沪深300,0,2012-07-06 15:00:00,174.071744
2012-07-09 15:00:00,170.089216,1497347680,2416.04,88,000300.XSHG,1497347680,,SELL,沪深300,0,2012-07-09 15:00:00,170.089216
2012-07-12 15:00:00,168.503584,1497347681,2449.18,86,000300.XSHG,1497347681,,BUY,沪深300,0,2012-07-12 15:00:00,168.503584
2012-07-16 15:00:00,165.101424,1497347682,2399.73,86,000300.XSHG,1497347682,,SELL,沪深300,0,2012-07-16 15:00:00,165.101424
2012-07-19 15:00:00,164.85376,1497347683,2424.32,85,000300.XSHG,1497347683,,BUY,沪深300,0,2012-07-19 15:00:00,164.85376
2012-07-20 15:00:00,163.09528,1497347684,2398.46,85,000300.XSHG,1497347684,,SELL,沪深300,0,2012-07-20 15:00:00,163.09528
2012-08-01 15:00:00,164.16204,1497347685,2358.65,87,000300.XSHG,1497347685,,BUY,沪深300,0,2012-08-01 15:00:00,164.16204
2012-08-02 15:00:00,162.507648,1497347686,2334.88,87,000300.XSHG,1497347686,,SELL,沪深300,0,2012-08-02 15:00:00,162.507648
2012-08-03 15:00:00,161.937312,1497347687,2353.74,86,000300.XSHG,1497347687,,BUY,沪深300,0,2012-08-03 15:00:00,161.937312
2012-08-13 15:00:00,161.812784,1497347688,2351.93,86,000300.XSHG,1497347688,,SELL,沪深300,0,2012-08-13 15:00:00,161.812784
2012-09-03 15:00:00,162.225336,1497347689,2228.37,91,000300.XSHG,1497347689,,BUY,沪深300,0,2012-09-03 15:00:00,162.225336
2012-09-04 15:00:00,160.481048,1497347690,2204.41,91,000300.XSHG,1497347690,,SELL,沪深300,0,2012-09-04 15:00:00,160.481048
2012-09-06 15:00:00,159.68304,1497347691,2217.82,90,000300.XSHG,1497347691,,BUY,沪深300,0,2012-09-06 15:00:00,159.68304
2012-09-13 15:00:00,165.48912,1497347692,2298.46,90,000300.XSHG,1497347692,,SELL,沪深300,0,2012-09-13 15:00:00,165.48912
2012-09-14 15:00:00,164.866448,1497347693,2315.54,89,000300.XSHG,1497347693,,BUY,沪深300,0,2012-09-14 15:00:00,164.866448
2012-09-17 15:00:00,160.81944,1497347694,2258.7,89,000300.XSHG,1497347694,,SELL,沪深300,0,2012-09-17 15:00:00,160.81944
2012-09-27 15:00:00,160.322464,1497347695,2251.72,89,000300.XSHG,1497347695,,BUY,沪深300,0,2012-09-27 15:00:00,160.322464
2012-10-15 15:00:00,163.394032,1497347696,2294.86,89,000300.XSHG,1497347696,,SELL,沪深300,0,2012-10-15 15:00:00,163.394032
2012-10-17 15:00:00,163.81696,1497347697,2300.8,89,000300.XSHG,1497347697,,BUY,沪深300,0,2012-10-17 15:00:00,163.81696
2012-10-23 15:00:00,164.620096,1497347698,2312.08,89,000300.XSHG,1497347698,,SELL,沪深300,0,2012-10-23 15:00:00,164.620096
2012-10-31 15:00:00,164.150896,1497347699,2254.82,91,000300.XSHG,1497347699,,BUY,沪深300,0,2012-10-31 15:00:00,164.150896
2012-11-07 15:00:00,166.53,1497347700,2287.5,91,000300.XSHG,1497347700,,SELL,沪深300,0,2012-11-07 15:00:00,166.53
2012-11-21 15:00:00,166.8124,1497347701,2194.9,95,000300.XSHG,1497347701,,BUY,沪深300,0,2012-11-21 15:00:00,166.8124
2012-11-22 15:00:00,165.4938,1497347702,2177.55,95,000300.XSHG,1497347702,,SELL,沪深300,0,2012-11-22 15:00:00,165.4938
2012-11-23 15:00:00,164.889536,1497347703,2192.68,94,000300.XSHG,1497347703,,BUY,沪深300,0,2012-11-23 15:00:00,164.889536
2012-11-26 15:00:00,163.60512,1497347704,2175.6,94,000300.XSHG,1497347704,,SELL,沪深300,0,2012-11-26 15:00:00,163.60512
2012-12-04 15:00:00,163.696896,1497347705,2131.47,96,000300.XSHG,1497347705,,BUY,沪深300,0,2012-12-04 15:00:00,163.696896
2012-12-13 15:00:00,172.234752,1497347706,2242.64,96,000300.XSHG,1497347706,,SELL,沪深300,0,2012-12-13 15:00:00,172.234752
2012-12-14 15:00:00,171.506608,1497347707,2355.86,91,000300.XSHG,1497347707,,BUY,沪深300,0,2012-12-14 15:00:00,171.506608
2012-12-21 15:00:00,172.6816,1497347708,2372.0,91,000300.XSHG,1497347708,,SELL,沪深300,0,2012-12-21 15:00:00,172.6816
2012-12-24 15:00:00,171.44784,1497347709,2381.22,90,000300.XSHG,1497347709,,BUY,沪深300,0,2012-12-24 15:00:00,171.44784
2013-01-09 15:00:00,181.88136,1497347710,2526.13,90,000300.XSHG,1497347710,,SELL,沪深300,0,2013-01-09 15:00:00,181.88136
2013-01-10 15:00:00,182.20104,1497347711,2530.57,90,000300.XSHG,1497347711,,BUY,沪深300,0,2013-01-10 15:00:00,182.20104
2013-01-11 15:00:00,178.79256,1497347712,2483.23,90,000300.XSHG,1497347712,,SELL,沪深300,0,2013-01-11 15:00:00,178.79256
2013-01-14 15:00:00,179.409312,1497347713,2577.72,87,000300.XSHG,1497347713,,BUY,沪深300,0,2013-01-14 15:00:00,179.409312
2013-01-17 15:00:00,177.672096,1497347714,2552.76,87,000300.XSHG,1497347714,,SELL,沪深300,0,2013-01-17 15:00:00,177.672096
2013-01-18 15:00:00,176.48992,1497347715,2595.44,85,000300.XSHG,1497347715,,BUY,沪深300,0,2013-01-18 15:00:00,176.48992
2013-01-24 15:00:00,175.62768,1497347716,2582.76,85,000300.XSHG,1497347716,,SELL,沪深300,0,2013-01-24 15:00:00,175.62768
2013-01-28 15:00:00,176.083504,1497347717,2651.86,83,000300.XSHG,1497347717,,BUY,沪深300,0,2013-01-28 15:00:00,176.083504
2013-02-18 15:00:00,181.768008,1497347718,2737.47,83,000300.XSHG,1497347718,,SELL,沪深300,0,2013-02-18 15:00:00,181.768008
2013-02-28 15:00:00,179.647776,1497347719,2673.33,84,000300.XSHG,1497347719,,BUY,沪深300,0,2013-02-28 15:00:00,179.647776
2013-03-04 15:00:00,171.072384,1497347720,2545.72,84,000300.XSHG,1497347720,,SELL,沪深300,0,2013-03-04 15:00:00,171.072384
2013-03-05 15:00:00,172.056336,1497347721,2622.81,82,000300.XSHG,1497347721,,BUY,沪深300,0,2013-03-05 15:00:00,172.056336
2013-03-07 15:00:00,171.837888,1497347722,2619.48,82,000300.XSHG,1497347722,,SELL,沪深300,0,2013-03-07 15:00:00,171.837888
2013-03-20 15:00:00,171.227152,1497347723,2610.17,82,000300.XSHG,1497347723,,BUY,沪深300,0,2013-03-20 15:00:00,171.227152
2013-03-26 15:00:00,168.92328,1497347724,2575.05,82,000300.XSHG,1497347724,,SELL,沪深300,0,2013-03-26 15:00:00,168.92328
2013-04-09 15:00:00,169.28124,1497347725,2489.43,85,000300.XSHG,1497347725,,BUY,沪深300,0,2013-04-09 15:00:00,169.28124
2013-04-11 15:00:00,168.49584,1497347726,2477.88,85,000300.XSHG,1497347726,,SELL,沪深300,0,2013-04-11 15:00:00,168.49584
2013-04-18 15:00:00,167.6098,1497347727,2464.85,85,000300.XSHG,1497347727,,BUY,沪深300,0,2013-04-18 15:00:00,167.6098
2013-04-23 15:00:00,166.56396,1497347728,2449.47,85,000300.XSHG,1497347728,,SELL,沪深300,0,2013-04-23 15:00:00,166.56396
2013-04-24 15:00:00,165.706512,1497347729,2495.58,83,000300.XSHG,1497347729,,BUY,沪深300,0,2013-04-24 15:00:00,165.706512
2013-04-25 15:00:00,163.867232,1497347730,2467.88,83,000300.XSHG,1497347730,,SELL,沪深300,0,2013-04-25 15:00:00,163.867232
2013-05-03 15:00:00,163.534896,1497347731,2492.91,82,000300.XSHG,1497347731,,BUY,沪深300,0,2013-05-03 15:00:00,163.534896
2013-05-13 15:00:00,166.018512,1497347732,2530.77,82,000300.XSHG,1497347732,,SELL,沪深300,0,2013-05-13 15:00:00,166.018512
2013-05-16 15:00:00,167.457776,1497347733,2552.71,82,000300.XSHG,1497347733,,BUY,沪深300,0,2013-05-16 15:00:00,167.457776
2013-05-23 15:00:00,169.43496,1497347734,2582.85,82,000300.XSHG,1497347734,,SELL,沪深300,0,2013-05-23 15:00:00,169.43496
2013-05-28 15:00:00,169.23904,1497347735,2644.36,80,000300.XSHG,1497347735,,BUY,沪深300,0,2013-05-28 15:00:00,169.23904
2013-05-31 15:00:00,166.81152,1497347736,2606.43,80,000300.XSHG,1497347736,,SELL,沪深300,0,2013-05-31 15:00:00,166.81152
2013-06-28 15:00:00,165.488128,1497347737,2200.64,94,000300.XSHG,1497347737,,BUY,沪深300,0,2013-06-28 15:00:00,165.488128
2013-07-08 15:00:00,162.704224,1497347738,2163.62,94,000300.XSHG,1497347738,,SELL,沪深300,0,2013-07-08 15:00:00,162.704224
2013-07-10 15:00:00,161.911568,1497347739,2224.06,91,000300.XSHG,1497347739,,BUY,沪深300,0,2013-07-10 15:00:00,161.911568
2013-07-17 15:00:00,166.190752,1497347740,2282.84,91,000300.XSHG,1497347740,,SELL,沪深300,0,2013-07-17 15:00:00,166.190752
2013-07-23 15:00:00,166.765824,1497347741,2265.84,92,000300.XSHG,1497347741,,BUY,沪深300,0,2013-07-23 15:00:00,166.765824
2013-07-26 15:00:00,163.687136,1497347742,2224.01,92,000300.XSHG,1497347742,,SELL,沪深300,0,2013-07-26 15:00:00,163.687136
2013-08-01 15:00:00,163.462208,1497347743,2245.36,91,000300.XSHG,1497347743,,BUY,沪深300,0,2013-08-01 15:00:00,163.462208
2013-08-15 15:00:00,169.011024,1497347744,2321.58,91,000300.XSHG,1497347744,,SELL,沪深300,0,2013-08-15 15:00:00,169.011024
2013-08-26 15:00:00,168.16464,1497347745,2335.62,90,000300.XSHG,1497347745,,BUY,沪深300,0,2013-08-26 15:00:00,168.16464
2013-08-29 15:00:00,166.91832,1497347746,2318.31,90,000300.XSHG,1497347746,,SELL,沪深300,0,2013-08-29 15:00:00,166.91832
2013-09-03 15:00:00,167.6404,1497347747,2354.5,89,000300.XSHG,1497347747,,BUY,沪深300,0,2013-09-03 15:00:00,167.6404
2013-09-16 15:00:00,176.461368,1497347748,2478.39,89,000300.XSHG,1497347748,,SELL,沪深300,0,2013-09-16 15:00:00,176.461368
2013-09-23 15:00:00,176.027048,1497347749,2472.29,89,000300.XSHG,1497347749,,BUY,沪深300,0,2013-09-23 15:00:00,176.027048
2013-09-24 15:00:00,174.004968,1497347750,2443.89,89,000300.XSHG,1497347750,,SELL,沪深300,0,2013-09-24 15:00:00,174.004968
2013-10-08 15:00:00,173.856872,1497347751,2441.81,89,000300.XSHG,1497347751,,BUY,沪深300,0,2013-10-08 15:00:00,173.856872
2013-10-16 15:00:00,172.401544,1497347752,2421.37,89,000300.XSHG,1497347752,,SELL,沪深300,0,2013-10-16 15:00:00,172.401544
2013-10-21 15:00:00,172.003872,1497347753,2471.32,87,000300.XSHG,1497347753,,BUY,沪深300,0,2013-10-21 15:00:00,172.003872
2013-10-23 15:00:00,168.326904,1497347754,2418.49,87,000300.XSHG,1497347754,,SELL,沪深300,0,2013-10-23 15:00:00,168.326904
2013-10-30 15:00:00,167.559912,1497347755,2407.47,87,000300.XSHG,1497347755,,BUY,沪深300,0,2013-10-30 15:00:00,167.559912
2013-10-31 15:00:00,165.210912,1497347756,2373.72,87,000300.XSHG,1497347756,,SELL,沪深300,0,2013-10-31 15:00:00,165.210912
2013-11-01 15:00:00,164.085248,1497347757,2384.96,86,000300.XSHG,1497347757,,BUY,沪深300,0,2013-11-01 15:00:00,164.085248
2013-11-04 15:00:00,163.77496,1497347758,2380.45,86,000300.XSHG,1497347758,,SELL,沪深300,0,2013-11-04 15:00:00,163.77496
2013-11-12 15:00:00,164.736,1497347759,2340.0,88,000300.XSHG,1497347759,,BUY,沪深300,0,2013-11-12 15:00:00,164.736
2013-11-13 15:00:00,161.083648,1497347760,2288.12,88,000300.XSHG,1497347760,,SELL,沪深300,0,2013-11-13 15:00:00,161.083648
2013-11-15 15:00:00,159.84964,1497347761,2350.73,85,000300.XSHG,1497347761,,BUY,沪深300,0,2013-11-15 15:00:00,159.84964
2013-11-22 15:00:00,163.06128,1497347762,2397.96,85,000300.XSHG,1497347762,,SELL,沪深300,0,2013-11-22 15:00:00,163.06128
2013-11-27 15:00:00,164.18464,1497347763,2414.48,85,000300.XSHG,1497347763,,BUY,沪深300,0,2013-11-27 15:00:00,164.18464
2013-12-02 15:00:00,164.47772,1497347764,2418.79,85,000300.XSHG,1497347764,,SELL,沪深300,0,2013-12-02 15:00:00,164.47772
2013-12-03 15:00:00,164.154816,1497347765,2442.78,84,000300.XSHG,1497347765,,BUY,沪深300,0,2013-12-03 15:00:00,164.154816
2013-12-09 15:00:00,164.698464,1497347766,2450.87,84,000300.XSHG,1497347766,,SELL,沪深300,0,2013-12-09 15:00:00,164.698464
2013-12-25 15:00:00,164.123832,1497347767,2305.11,89,000300.XSHG,1497347767,,BUY,沪深300,0,2013-12-25 15:00:00,164.123832
2013-12-26 15:00:00,161.291496,1497347768,2265.33,89,000300.XSHG,1497347768,,SELL,沪深300,0,2013-12-26 15:00:00,161.291496
2013-12-27 15:00:00,160.322208,1497347769,2303.48,87,000300.XSHG,1497347769,,BUY,沪深300,0,2013-12-27 15:00:00,160.322208
2014-01-03 15:00:00,159.438288,1497347770,2290.78,87,000300.XSHG,1497347770,,SELL,沪深300,0,2014-01-03 15:00:00,159.438288
2014-01-15 15:00:00,159.04368,1497347771,2208.94,90,000300.XSHG,1497347771,,BUY,沪深300,0,2014-01-15 15:00:00,159.04368
2014-01-17 15:00:00,156.85128,1497347772,2178.49,90,000300.XSHG,1497347772,,SELL,沪深300,0,2014-01-17 15:00:00,156.85128
2014-01-22 15:00:00,157.96352,1497347773,2243.8,88,000300.XSHG,1497347773,,BUY,沪深300,0,2014-01-22 15:00:00,157.96352
2014-01-27 15:00:00,156.000768,1497347774,2215.92,88,000300.XSHG,1497347774,,SELL,沪深300,0,2014-01-27 15:00:00,156.000768
2014-02-10 15:00:00,154.19204,1497347775,2267.53,85,000300.XSHG,1497347775,,BUY,沪深300,0,2014-02-10 15:00:00,154.19204
2014-02-18 15:00:00,155.20592,1497347776,2282.44,85,000300.XSHG,1497347776,,SELL,沪深300,0,2014-02-18 15:00:00,155.20592
2014-02-19 15:00:00,155.141952,1497347777,2308.66,84,000300.XSHG,1497347777,,BUY,沪深300,0,2014-02-19 15:00:00,155.141952
2014-02-20 15:00:00,153.715968,1497347778,2287.44,84,000300.XSHG,1497347778,,SELL,沪深300,0,2014-02-20 15:00:00,153.715968
2014-02-28 15:00:00,153.399488,1497347779,2178.97,88,000300.XSHG,1497347779,,BUY,沪深300,0,2014-02-28 15:00:00,153.399488
2014-03-05 15:00:00,152.344192,1497347780,2163.98,88,000300.XSHG,1497347780,,SELL,沪深300,0,2014-03-05 15:00:00,152.344192
2014-03-13 15:00:00,152.391496,1497347781,2140.33,89,000300.XSHG,1497347781,,BUY,沪深300,0,2014-03-13 15:00:00,152.391496
2014-03-19 15:00:00,151.005944,1497347782,2120.87,89,000300.XSHG,1497347782,,SELL,沪深300,0,2014-03-19 15:00:00,151.005944
2014-03-21 15:00:00,150.25248,1497347783,2158.8,87,000300.XSHG,1497347783,,BUY,沪深300,0,2014-03-21 15:00:00,150.25248
2014-03-27 15:00:00,150.037416,1497347784,2155.71,87,000300.XSHG,1497347784,,SELL,沪深300,0,2014-03-27 15:00:00,150.037416
2014-04-01 15:00:00,150.552456,1497347785,2163.11,87,000300.XSHG,1497347785,,BUY,沪深300,0,2014-04-01 15:00:00,150.552456
2014-04-15 15:00:00,155.170416,1497347786,2229.46,87,000300.XSHG,1497347786,,SELL,沪深300,0,2014-04-15 15:00:00,155.170416
2014-05-05 15:00:00,155.26584,1497347787,2156.47,90,000300.XSHG,1497347787,,BUY,沪深300,0,2014-05-05 15:00:00,155.26584
2014-05-07 15:00:00,153.88704,1497347788,2137.32,90,000300.XSHG,1497347788,,SELL,沪深300,0,2014-05-07 15:00:00,153.88704
2014-05-12 15:00:00,153.47552,1497347789,2180.05,88,000300.XSHG,1497347789,,BUY,沪深300,0,2014-05-12 15:00:00,153.47552
2014-05-15 15:00:00,150.943232,1497347790,2144.08,88,000300.XSHG,1497347790,,SELL,沪深300,0,2014-05-15 15:00:00,150.943232
2014-05-21 15:00:00,150.368064,1497347791,2135.91,88,000300.XSHG,1497347791,,BUY,沪深300,0,2014-05-21 15:00:00,150.368064
2014-05-29 15:00:00,151.723264,1497347792,2155.16,88,000300.XSHG,1497347792,,SELL,沪深300,0,2014-05-29 15:00:00,151.723264
2014-06-05 15:00:00,151.40224,1497347793,2150.6,88,000300.XSHG,1497347793,,BUY,沪深300,0,2014-06-05 15:00:00,151.40224
2014-06-06 15:00:00,150.284288,1497347794,2134.72,88,000300.XSHG,1497347794,,SELL,沪深300,0,2014-06-06 15:00:00,150.284288
2014-06-10 15:00:00,150.424392,1497347795,2161.27,87,000300.XSHG,1497347795,,BUY,沪深300,0,2014-06-10 15:00:00,150.424392
2014-06-17 15:00:00,151.009032,1497347796,2169.67,87,000300.XSHG,1497347796,,SELL,沪深300,0,2014-06-17 15:00:00,151.009032
2014-06-24 15:00:00,150.995328,1497347797,2144.82,88,000300.XSHG,1497347797,,BUY,沪深300,0,2014-06-24 15:00:00,150.995328
2014-06-25 15:00:00,150.189248,1497347798,2133.37,88,000300.XSHG,1497347798,,SELL,沪深300,0,2014-06-25 15:00:00,150.189248
2014-06-26 15:00:00,149.575968,1497347799,2149.08,87,000300.XSHG,1497347799,,BUY,沪深300,0,2014-06-26 15:00:00,149.575968
2014-07-09 15:00:00,149.550216,1497347800,2148.71,87,000300.XSHG,1497347800,,SELL,沪深300,0,2014-07-09 15:00:00,149.550216
2014-07-14 15:00:00,149.417088,1497347801,2171.76,86,000300.XSHG,1497347801,,BUY,沪深300,0,2014-07-14 15:00:00,149.417088
2014-07-17 15:00:00,148.406416,1497347802,2157.07,86,000300.XSHG,1497347802,,SELL,沪深300,0,2014-07-17 15:00:00,148.406416
2014-07-22 15:00:00,147.34944,1497347803,2192.7,84,000300.XSHG,1497347803,,BUY,沪深300,0,2014-07-22 15:00:00,147.34944
2014-08-01 15:00:00,156.53568,1497347804,2329.4,84,000300.XSHG,1497347804,,SELL,沪深300,0,2014-08-01 15:00:00,156.53568
2014-08-04 15:00:00,157.741168,1497347805,2375.62,83,000300.XSHG,1497347805,,BUY,沪深300,0,2014-08-04 15:00:00,157.741168
2014-08-07 15:00:00,154.543344,1497347806,2327.46,83,000300.XSHG,1497347806,,SELL,沪深300,0,2014-08-07 15:00:00,154.543344
2014-08-11 15:00:00,153.27468,1497347807,2365.35,81,000300.XSHG,1497347807,,BUY,沪深300,0,2014-08-11 15:00:00,153.27468
2014-08-14 15:00:00,151.36956,1497347808,2335.95,81,000300.XSHG,1497347808,,SELL,沪深300,0,2014-08-14 15:00:00,151.36956
2014-08-15 15:00:00,151.08096,1497347809,2360.64,80,000300.XSHG,1497347809,,BUY,沪深300,0,2014-08-15 15:00:00,151.08096
2014-08-21 15:00:00,150.67136,1497347810,2354.24,80,000300.XSHG,1497347810,,SELL,沪深300,0,2014-08-21 15:00:00,150.67136
2014-08-29 15:00:00,151.521192,1497347811,2338.29,81,000300.XSHG,1497347811,,BUY,沪深300,0,2014-08-29 15:00:00,151.521192
2014-09-11 15:00:00,157.03956,1497347812,2423.45,81,000300.XSHG,1497347812,,SELL,沪深300,0,2014-09-11 15:00:00,157.03956
2014-09-12 15:00:00,156.05504,1497347813,2438.36,80,000300.XSHG,1497347813,,BUY,沪深300,0,2014-09-12 15:00:00,156.05504
2014-09-16 15:00:00,152.88128,1497347814,2388.77,80,000300.XSHG,1497347814,,SELL,沪深300,0,2014-09-16 15:00:00,152.88128
2014-09-19 15:00:00,153.273272,1497347815,2425.21,79,000300.XSHG,1497347815,,BUY,沪深300,0,2014-09-19 15:00:00,153.273272
2014-09-22 15:00:00,150.347744,1497347816,2378.92,79,000300.XSHG,1497347816,,SELL,沪深300,0,2014-09-22 15:00:00,150.347744
2014-09-24 15:00:00,148.465088,1497347817,2441.86,76,000300.XSHG,1497347817,,BUY,沪深300,0,2014-09-24 15:00:00,148.465088
2014-10-13 15:00:00,149.26096,1497347818,2454.95,76,000300.XSHG,1497347818,,SELL,沪深300,0,2014-10-13 15:00:00,149.26096
2014-10-15 15:00:00,149.803296,1497347819,2463.87,76,000300.XSHG,1497347819,,BUY,沪深300,0,2014-10-15 15:00:00,149.803296
2014-10-16 15:00:00,148.61952,1497347820,2444.4,76,000300.XSHG,1497347820,,SELL,沪深300,0,2014-10-16 15:00:00,148.61952
2014-10-20 15:00:00,149.246368,1497347821,2454.71,76,000300.XSHG,1497347821,,BUY,沪深300,0,2014-10-20 15:00:00,149.246368
2014-10-21 15:00:00,147.950112,1497347822,2433.39,76,000300.XSHG,1497347822,,SELL,沪深300,0,2014-10-21 15:00:00,147.950112
2014-10-28 15:00:00,146.93232,1497347823,2416.65,76,000300.XSHG,1497347823,,BUY,沪深300,0,2014-10-28 15:00:00,146.93232
2014-11-06 15:00:00,152.369056,1497347824,2506.07,76,000300.XSHG,1497347824,,SELL,沪深300,0,2014-11-06 15:00:00,152.369056
2014-11-10 15:00:00,151.891216,1497347825,2565.73,74,000300.XSHG,1497347825,,BUY,沪深300,0,2014-11-10 15:00:00,151.891216
2014-11-17 15:00:00,151.97232,1497347826,2567.1,74,000300.XSHG,1497347826,,SELL,沪深300,0,2014-11-17 15:00:00,151.97232
2014-11-21 15:00:00,152.940832,1497347827,2583.46,74,000300.XSHG,1497347827,,BUY,沪深300,0,2014-11-21 15:00:00,152.940832
2014-12-09 15:00:00,183.929072,1497347828,3106.91,74,000300.XSHG,1497347828,,SELL,沪深300,0,2014-12-09 15:00:00,183.929072
2014-12-10 15:00:00,182.98404,1497347829,3221.55,71,000300.XSHG,1497347829,,BUY,沪深300,0,2014-12-10 15:00:00,182.98404
2014-12-23 15:00:00,188.855456,1497347830,3324.92,71,000300.XSHG,1497347830,,SELL,沪深300,0,2014-12-23 15:00:00,188.855456
2014-12-25 15:00:00,186.78352,1497347831,3335.42,70,000300.XSHG,1497347831,,BUY,沪深300,0,2014-12-25 15:00:00,186.78352
2015-01-08 15:00:00,199.31856,1497347832,3559.26,70,000300.XSHG,1497347832,,SELL,沪深300,0,2015-01-08 15:00:00,199.31856
2015-01-15 15:00:00,198.947424,1497347833,3604.12,69,000300.XSHG,1497347833,,BUY,沪深300,0,2015-01-15 15:00:00,198.947424
2015-01-19 15:00:00,185.204832,1497347834,3355.16,69,000300.XSHG,1497347834,,SELL,沪深300,0,2015-01-19 15:00:00,185.204832
2015-01-21 15:00:00,187.380864,1497347835,3548.88,66,000300.XSHG,1497347835,,BUY,沪深300,0,2015-01-21 15:00:00,187.380864
2015-01-28 15:00:00,186.136896,1497347836,3525.32,66,000300.XSHG,1497347836,,SELL,沪深300,0,2015-01-28 15:00:00,186.136896
2015-02-10 15:00:00,185.337536,1497347837,3406.94,68,000300.XSHG,1497347837,,BUY,沪深300,0,2015-02-10 15:00:00,185.337536
2015-02-25 15:00:00,189.242912,1497347838,3478.73,68,000300.XSHG,1497347838,,SELL,沪深300,0,2015-02-25 15:00:00,189.242912
2015-02-26 15:00:00,188.30064,1497347839,3566.3,66,000300.XSHG,1497347839,,BUY,沪深300,0,2015-02-26 15:00:00,188.30064
2015-03-03 15:00:00,185.21712,1497347840,3507.9,66,000300.XSHG,1497347840,,SELL,沪深300,0,2015-03-03 15:00:00,185.21712
2015-03-09 15:00:00,183.963,1497347841,3537.75,65,000300.XSHG,1497347841,,BUY,沪深300,0,2015-03-09 15:00:00,183.963
2015-04-28 15:00:00,246.57672,1497347842,4741.86,65,000300.XSHG,1497347842,,SELL,沪深300,0,2015-04-28 15:00:00,246.57672
2015-04-29 15:00:00,248.26516,1497347843,4774.33,65,000300.XSHG,1497347843,,BUY,沪深300,0,2015-04-29 15:00:00,248.26516
2015-04-30 15:00:00,246.99428,1497347844,4749.89,65,000300.XSHG,1497347844,,SELL,沪深300,0,2015-04-30 15:00:00,246.99428
2015-05-04 15:00:00,245.132288,1497347845,4787.74,64,000300.XSHG,1497347845,,BUY,沪深300,0,2015-05-04 15:00:00,245.132288
2015-05-05 15:00:00,235.358208,1497347846,4596.84,64,000300.XSHG,1497347846,,SELL,沪深300,0,2015-05-05 15:00:00,235.358208
2015-05-11 15:00:00,236.402712,1497347847,4690.53,63,000300.XSHG,1497347847,,BUY,沪深300,0,2015-05-11 15:00:00,236.402712
2015-05-15 15:00:00,232.720488,1497347848,4617.47,63,000300.XSHG,1497347848,,SELL,沪深300,0,2015-05-15 15:00:00,232.720488
2015-05-19 15:00:00,230.883536,1497347849,4731.22,61,000300.XSHG,1497347849,,BUY,沪深300,0,2015-05-19 15:00:00,230.883536
2015-05-28 15:00:00,235.899688,1497347850,4834.01,61,000300.XSHG,1497347850,,SELL,沪深300,0,2015-05-28 15:00:00,235.899688
2015-06-01 15:00:00,235.534752,1497347851,5076.18,58,000300.XSHG,1497347851,,BUY,沪深300,0,2015-06-01 15:00:00,235.534752
2015-06-15 15:00:00,242.262288,1497347852,5221.17,58,000300.XSHG,1497347852,,SELL,沪深300,0,2015-06-15 15:00:00,242.262288
2015-06-24 15:00:00,242.054448,1497347853,4880.13,62,000300.XSHG,1497347853,,BUY,沪深300,0,2015-06-24 15:00:00,242.054448
2015-06-25 15:00:00,233.443392,1497347854,4706.52,62,000300.XSHG,1497347854,,SELL,沪深300,0,2015-06-25 15:00:00,233.443392
2015-07-09 15:00:00,233.8578,1497347855,3897.63,75,000300.XSHG,1497347855,,BUY,沪深300,0,2015-07-09 15:00:00,233.8578
2015-07-15 15:00:00,238.0056,1497347856,3966.76,75,000300.XSHG,1497347856,,SELL,沪深300,0,2015-07-15 15:00:00,238.0056
2015-07-17 15:00:00,235.8052,1497347857,4151.5,71,000300.XSHG,1497347857,,BUY,沪深300,0,2015-07-17 15:00:00,235.8052
2015-07-24 15:00:00,237.212704,1497347858,4176.28,71,000300.XSHG,1497347858,,SELL,沪深300,0,2015-07-24 15:00:00,237.212704
2015-08-04 15:00:00,236.8896,1497347859,3948.16,75,000300.XSHG,1497347859,,BUY,沪深300,0,2015-08-04 15:00:00,236.8896
2015-08-06 15:00:00,229.911,1497347860,3831.85,75,000300.XSHG,1497347860,,SELL,沪深300,0,2015-08-06 15:00:00,229.911
2015-08-07 15:00:00,231.290848,1497347861,3906.94,74,000300.XSHG,1497347861,,BUY,沪深300,0,2015-08-07 15:00:00,231.290848
2015-08-18 15:00:00,226.464272,1497347862,3825.41,74,000300.XSHG,1497347862,,SELL,沪深300,0,2015-08-18 15:00:00,226.464272
2015-08-28 15:00:00,224.601888,1497347863,3342.29,84,000300.XSHG,1497347863,,BUY,沪深300,0,2015-08-28 15:00:00,224.601888
2015-09-07 15:00:00,218.432256,1497347864,3250.48,84,000300.XSHG,1497347864,,SELL,沪深300,0,2015-09-07 15:00:00,218.432256
2015-09-09 15:00:00,220.275288,1497347865,3399.31,81,000300.XSHG,1497347865,,BUY,沪深300,0,2015-09-09 15:00:00,220.275288
2015-09-14 15:00:00,212.617224,1497347866,3281.13,81,000300.XSHG,1497347866,,SELL,沪深300,0,2015-09-14 15:00:00,212.617224
2015-09-16 15:00:00,211.792,1497347867,3309.25,80,000300.XSHG,1497347867,,BUY,沪深300,0,2015-09-16 15:00:00,211.792
2015-09-17 15:00:00,207.168,1497347868,3237.0,80,000300.XSHG,1497347868,,SELL,沪深300,0,2015-09-17 15:00:00,207.168
2015-09-18 15:00:00,205.480264,1497347869,3251.27,79,000300.XSHG,1497347869,,BUY,沪深300,0,2015-09-18 15:00:00,205.480264
2015-09-23 15:00:00,206.223496,1497347870,3263.03,79,000300.XSHG,1497347870,,SELL,沪深300,0,2015-09-23 15:00:00,206.223496
2015-10-08 15:00:00,205.700352,1497347871,3296.48,78,000300.XSHG,1497347871,,BUY,沪深300,0,2015-10-08 15:00:00,205.700352
2015-10-21 15:00:00,216.7308,1497347872,3473.25,78,000300.XSHG,1497347872,,SELL,沪深300,0,2015-10-21 15:00:00,216.7308
2015-10-23 15:00:00,217.131392,1497347873,3571.24,76,000300.XSHG,1497347873,,BUY,沪深300,0,2015-10-23 15:00:00,217.131392
2015-10-28 15:00:00,214.315136,1497347874,3524.92,76,000300.XSHG,1497347874,,SELL,沪深300,0,2015-10-28 15:00:00,214.315136
2015-11-04 15:00:00,214.809568,1497347875,3628.54,74,000300.XSHG,1497347875,,BUY,沪深300,0,2015-11-04 15:00:00,214.809568
2015-11-12 15:00:00,224.682944,1497347876,3795.32,74,000300.XSHG,1497347876,,SELL,沪深300,0,2015-11-12 15:00:00,224.682944
2015-11-19 15:00:00,223.478224,1497347877,3774.97,74,000300.XSHG,1497347877,,BUY,沪深300,0,2015-11-19 15:00:00,223.478224
2015-11-23 15:00:00,222.197728,1497347878,3753.34,74,000300.XSHG,1497347878,,SELL,沪深300,0,2015-11-23 15:00:00,222.197728
2015-11-25 15:00:00,220.846024,1497347879,3781.61,73,000300.XSHG,1497347879,,BUY,沪深300,0,2015-11-25 15:00:00,220.846024
2015-11-26 15:00:00,219.550712,1497347880,3759.43,73,000300.XSHG,1497347880,,SELL,沪深300,0,2015-11-26 15:00:00,219.550712
2015-12-02 15:00:00,220.33944,1497347881,3721.95,74,000300.XSHG,1497347881,,BUY,沪深300,0,2015-12-02 15:00:00,220.33944
2015-12-08 15:00:00,214.482784,1497347882,3623.02,74,000300.XSHG,1497347882,,SELL,沪深300,0,2015-12-08 15:00:00,214.482784
2015-12-14 15:00:00,213.772032,1497347883,3711.32,72,000300.XSHG,1497347883,,BUY,沪深300,0,2015-12-14 15:00:00,213.772032
2015-12-24 15:00:00,220.57344,1497347884,3829.4,72,000300.XSHG,1497347884,,SELL,沪深300,0,2015-12-24 15:00:00,220.57344
2016-01-19 15:00:00,221.751344,1497347885,3223.13,86,000300.XSHG,1497347885,,BUY,沪深300,0,2016-01-19 15:00:00,221.751344
2016-01-21 15:00:00,211.99688,1497347886,3081.35,86,000300.XSHG,1497347886,,SELL,沪深300,0,2016-01-21 15:00:00,211.99688
2016-02-02 15:00:00,210.846696,1497347887,2961.33,89,000300.XSHG,1497347887,,BUY,沪深300,0,2016-02-02 15:00:00,210.846696
2016-02-15 15:00:00,209.805752,1497347888,2946.71,89,000300.XSHG,1497347888,,SELL,沪深300,0,2016-02-15 15:00:00,209.805752
2016-02-16 15:00:00,208.948352,1497347889,3037.04,86,000300.XSHG,1497347889,,BUY,沪深300,0,2016-02-16 15:00:00,208.948352
2016-02-25 15:00:00,200.81,1497347890,2918.75,86,000300.XSHG,1497347890,,SELL,沪深300,0,2016-02-25 15:00:00,200.81
2016-03-02 15:00:00,200.167248,1497347891,3051.33,82,000300.XSHG,1497347891,,BUY,沪深300,0,2016-03-02 15:00:00,200.167248
2016-03-09 15:00:00,201.517296,1497347892,3071.91,82,000300.XSHG,1497347892,,SELL,沪深300,0,2016-03-09 15:00:00,201.517296
2016-03-14 15:00:00,201.109264,1497347893,3065.69,82,000300.XSHG,1497347893,,BUY,沪深300,0,2016-03-14 15:00:00,201.109264
2016-03-24 15:00:00,208.72936,1497347894,3181.85,82,000300.XSHG,1497347894,,SELL,沪深300,0,2016-03-24 15:00:00,208.72936
2016-03-30 15:00:00,208.414944,1497347895,3216.28,81,000300.XSHG,1497347895,,BUY,沪深300,0,2016-03-30 15:00:00,208.414944
2016-04-07 15:00:00,207.961992,1497347896,3209.29,81,000300.XSHG,1497347896,,SELL,沪深300,0,2016-04-07 15:00:00,207.961992
2016-04-11 15:00:00,209.31048,1497347897,3230.1,81,000300.XSHG,1497347897,,BUY,沪深300,0,2016-04-11 15:00:00,209.31048
2016-04-12 15:00:00,208.55556,1497347898,3218.45,81,000300.XSHG,1497347898,,SELL,沪深300,0,2016-04-12 15:00:00,208.55556
2016-04-13 15:00:00,206.119216,1497347899,3261.38,79,000300.XSHG,1497347899,,BUY,沪深300,0,2016-04-13 15:00:00,206.119216
2016-04-18 15:00:00,204.03804,1497347900,3228.45,79,000300.XSHG,1497347900,,SELL,沪深300,0,2016-04-18 15:00:00,204.03804
2016-04-26 15:00:00,203.46624,1497347901,3179.16,80,000300.XSHG,1497347901,,BUY,沪深300,0,2016-04-26 15:00:00,203.46624
2016-04-27 15:00:00,202.61888,1497347902,3165.92,80,000300.XSHG,1497347902,,SELL,沪深300,0,2016-04-27 15:00:00,202.61888
2016-05-03 15:00:00,203.095728,1497347903,3213.54,79,000300.XSHG,1497347903,,BUY,沪深300,0,2016-05-03 15:00:00,203.095728
2016-05-06 15:00:00,197.83812,1497347904,3130.35,79,000300.XSHG,1497347904,,SELL,沪深300,0,2016-05-06 15:00:00,197.83812
2016-05-12 15:00:00,197.76896,1497347905,3090.14,80,000300.XSHG,1497347905,,BUY,沪深300,0,2016-05-12 15:00:00,197.76896
2016-05-13 15:00:00,196.79616,1497347906,3074.94,80,000300.XSHG,1497347906,,SELL,沪深300,0,2016-05-13 15:00:00,196.79616
2016-05-16 15:00:00,195.623592,1497347907,3095.31,79,000300.XSHG,1497347907,,BUY,沪深300,0,2016-05-16 15:00:00,195.623592
2016-05-18 15:00:00,193.900128,1497347908,3068.04,79,000300.XSHG,1497347908,,SELL,沪深300,0,2016-05-18 15:00:00,193.900128
2016-05-20 15:00:00,194.543504,1497347909,3078.22,79,000300.XSHG,1497347909,,BUY,沪深300,0,2016-05-20 15:00:00,194.543504
2016-05-24 15:00:00,193.616992,1497347910,3063.56,79,000300.XSHG,1497347910,,SELL,沪深300,0,2016-05-24 15:00:00,193.616992
2016-05-30 15:00:00,193.816072,1497347911,3066.71,79,000300.XSHG,1497347911,,BUY,沪深300,0,2016-05-30 15:00:00,193.816072
2016-06-08 15:00:00,199.964168,1497347912,3163.99,79,000300.XSHG,1497347912,,SELL,沪深300,0,2016-06-08 15:00:00,199.964168
2016-06-17 15:00:00,199.06304,1497347913,3110.36,80,000300.XSHG,1497347913,,BUY,沪深300,0,2016-06-17 15:00:00,199.06304
2016-06-21 15:00:00,198.80448,1497347914,3106.32,80,000300.XSHG,1497347914,,SELL,沪深300,0,2016-06-21 15:00:00,198.80448
2016-06-22 15:00:00,198.066272,1497347915,3133.96,79,000300.XSHG,1497347915,,BUY,沪深300,0,2016-06-22 15:00:00,198.066272
2016-06-24 15:00:00,194.476512,1497347916,3077.16,79,000300.XSHG,1497347916,,SELL,沪深300,0,2016-06-24 15:00:00,194.476512
2016-06-27 15:00:00,194.721696,1497347917,3120.54,78,000300.XSHG,1497347917,,BUY,沪深300,0,2016-06-27 15:00:00,194.721696
2016-07-08 15:00:00,199.198272,1497347918,3192.28,78,000300.XSHG,1497347918,,SELL,沪深300,0,2016-07-08 15:00:00,199.198272
2016-07-12 15:00:00,199.009344,1497347919,3273.18,76,000300.XSHG,1497347919,,BUY,沪深300,0,2016-07-12 15:00:00,199.009344
2016-07-18 15:00:00,198.330816,1497347920,3262.02,76,000300.XSHG,1497347920,,SELL,沪深300,0,2016-07-18 15:00:00,198.330816
2016-07-26 15:00:00,198.791072,1497347921,3269.59,76,000300.XSHG,1497347921,,BUY,沪深300,0,2016-07-26 15:00:00,198.791072
2016-07-27 15:00:00,195.668992,1497347922,3218.24,76,000300.XSHG,1497347922,,SELL,沪深300,0,2016-07-27 15:00:00,195.668992
2016-08-04 15:00:00,194.638432,1497347923,3201.29,76,000300.XSHG,1497347923,,BUY,沪深300,0,2016-08-04 15:00:00,194.638432
2016-08-11 15:00:00,196.588288,1497347924,3233.36,76,000300.XSHG,1497347924,,SELL,沪深300,0,2016-08-11 15:00:00,196.588288
2016-08-12 15:00:00,195.018416,1497347925,3294.23,74,000300.XSHG,1497347925,,BUY,沪深300,0,2016-08-12 15:00:00,195.018416
2016-08-19 15:00:00,199.209184,1497347926,3365.02,74,000300.XSHG,1497347926,,SELL,沪深300,0,2016-08-19 15:00:00,199.209184
2016-08-31 15:00:00,199.6674,1497347927,3327.79,75,000300.XSHG,1497347927,,BUY,沪深300,0,2016-08-31 15:00:00,199.6674
2016-09-01 15:00:00,198.0948,1497347928,3301.58,75,000300.XSHG,1497347928,,SELL,沪深300,0,2016-09-01 15:00:00,198.0948
2016-09-02 15:00:00,198.8466,1497347929,3314.11,75,000300.XSHG,1497347929,,BUY,沪深300,0,2016-09-02 15:00:00,198.8466
2016-09-09 15:00:00,199.0824,1497347930,3318.04,75,000300.XSHG,1497347930,,SELL,沪深300,0,2016-09-09 15:00:00,199.0824
2016-09-20 15:00:00,198.04992,1497347931,3257.4,76,000300.XSHG,1497347931,,BUY,沪深300,0,2016-09-20 15:00:00,198.04992
2016-09-26 15:00:00,195.793024,1497347932,3220.28,76,000300.XSHG,1497347932,,SELL,沪深300,0,2016-09-26 15:00:00,195.793024
2016-09-29 15:00:00,194.6634,1497347933,3244.39,75,000300.XSHG,1497347933,,BUY,沪深300,0,2016-09-29 15:00:00,194.6634
2016-10-17 15:00:00,196.6728,1497347934,3277.88,75,000300.XSHG,1497347934,,SELL,沪深300,0,2016-10-17 15:00:00,196.6728
2016-10-18 15:00:00,196.622736,1497347935,3321.33,74,000300.XSHG,1497347935,,BUY,沪深300,0,2016-10-18 15:00:00,196.622736
2016-10-27 15:00:00,198.06544,1497347936,3345.7,74,000300.XSHG,1497347936,,SELL,沪深300,0,2016-10-27 15:00:00,198.06544
2016-11-01 15:00:00,198.85576,1497347937,3359.05,74,000300.XSHG,1497347937,,BUY,沪深300,0,2016-11-01 15:00:00,198.85576
2016-11-02 15:00:00,197.33432,1497347938,3333.35,74,000300.XSHG,1497347938,,SELL,沪深300,0,2016-11-02 15:00:00,197.33432
2016-11-03 15:00:00,196.520672,1497347939,3365.08,73,000300.XSHG,1497347939,,BUY,沪深300,0,2016-11-03 15:00:00,196.520672
2016-11-09 15:00:00,195.81812,1497347940,3353.05,73,000300.XSHG,1497347940,,SELL,沪深300,0,2016-11-09 15:00:00,195.81812
2016-11-10 15:00:00,195.299136,1497347941,3390.61,72,000300.XSHG,1497347941,,BUY,沪深300,0,2016-11-10 15:00:00,195.299136
2016-11-18 15:00:00,196.845696,1497347942,3417.46,72,000300.XSHG,1497347942,,SELL,沪深300,0,2016-11-18 15:00:00,196.845696
2016-11-21 15:00:00,195.455048,1497347943,3441.11,71,000300.XSHG,1497347943,,BUY,沪深300,0,2016-11-21 15:00:00,195.455048
2016-12-02 15:00:00,200.44436,1497347944,3528.95,71,000300.XSHG,1497347944,,SELL,沪深300,0,2016-12-02 15:00:00,200.44436
2016-12-09 15:00:00,201.23712,1497347945,3493.7,72,000300.XSHG,1497347945,,BUY,沪深300,0,2016-12-09 15:00:00,201.23712
2016-12-12 15:00:00,196.368768,1497347946,3409.18,72,000300.XSHG,1497347946,,SELL,沪深300,0,2016-12-12 15:00:00,196.368768
2016-12-21 15:00:00,194.970736,1497347947,3338.54,73,000300.XSHG,1497347947,,BUY,沪深300,0,2016-12-21 15:00:00,194.970736
2016-12-23 15:00:00,193.16384,1497347948,3307.6,73,000300.XSHG,1497347948,,SELL,沪深300,0,2016-12-23 15:00:00,193.16384
2016-12-30 15:00:00,193.308672,1497347949,3310.08,73,000300.XSHG,1497347949,,BUY,沪深300,0,2016-12-30 15:00:00,193.308672
2017-01-10 15:00:00,196.122968,1497347950,3358.27,73,000300.XSHG,1497347950,,SELL,沪深300,0,2017-01-10 15:00:00,196.122968
2017-01-17 15:00:00,196.920512,1497347951,3326.36,74,000300.XSHG,1497347951,,BUY,沪深300,0,2017-01-17 15:00:00,196.920512
2017-02-03 15:00:00,199.177808,1497347952,3364.49,74,000300.XSHG,1497347952,,SELL,沪深300,0,2017-02-03 15:00:00,199.177808
2017-02-06 15:00:00,196.995464,1497347953,3373.21,73,000300.XSHG,1497347953,,BUY,沪深300,0,2017-02-06 15:00:00,196.995464
2017-02-07 15:00:00,196.555712,1497347954,3365.68,73,000300.XSHG,1497347954,,SELL,沪深300,0,2017-02-07 15:00:00,196.555712
2017-02-08 15:00:00,197.584136,1497347955,3383.29,73,000300.XSHG,1497347955,,BUY,沪深300,0,2017-02-08 15:00:00,197.584136
2017-02-17 15:00:00,199.812096,1497347956,3421.44,73,000300.XSHG,1497347956,,SELL,沪深300,0,2017-02-17 15:00:00,199.812096
2017-02-20 15:00:00,199.952064,1497347957,3471.39,72,000300.XSHG,1497347957,,BUY,沪深300,0,2017-02-20 15:00:00,199.952064
2017-02-24 15:00:00,200.09376,1497347958,3473.85,72,000300.XSHG,1497347958,,SELL,沪深300,0,2017-02-24 15:00:00,200.09376
2017-03-06 15:00:00,198.517248,1497347959,3446.48,72,000300.XSHG,1497347959,,BUY,沪深300,0,2017-03-06 15:00:00,198.517248
2017-03-09 15:00:00,197.391744,1497347960,3426.94,72,000300.XSHG,1497347960,,SELL,沪深300,0,2017-03-09 15:00:00,197.391744
2017-03-13 15:00:00,196.42008,1497347961,3458.1,71,000300.XSHG,1497347961,,BUY,沪深300,0,2017-03-13 15:00:00,196.42008
2017-03-17 15:00:00,195.722008,1497347962,3445.81,71,000300.XSHG,1497347962,,SELL,沪深300,0,2017-03-17 15:00:00,195.722008
2017-03-21 15:00:00,196.88868,1497347963,3466.35,71,000300.XSHG,1497347963,,BUY,沪深300,0,2017-03-21 15:00:00,196.88868
2017-03-22 15:00:00,195.96284,1497347964,3450.05,71,000300.XSHG,1497347964,,SELL,沪深300,0,2017-03-22 15:00:00,195.96284
2017-03-23 15:00:00,196.640464,1497347965,3461.98,71,000300.XSHG,1497347965,,BUY,沪深300,0,2017-03-23 15:00:00,196.640464
2017-03-28 15:00:00,197.085208,1497347966,3469.81,71,000300.XSHG,1497347966,,SELL,沪深300,0,2017-03-28 15:00:00,197.085208
2017-04-05 15:00:00,196.21784,1497347967,3503.89,70,000300.XSHG,1497347967,,BUY,沪深300,0,2017-04-05 15:00:00,196.21784
2017-04-12 15:00:00,196.52864,1497347968,3509.44,70,000300.XSHG,1497347968,,SELL,沪深300,0,2017-04-12 15:00:00,196.52864
2017-04-13 15:00:00,196.81592,1497347969,3514.57,70,000300.XSHG,1497347969,,BUY,沪深300,0,2017-04-13 15:00:00,196.81592
2017-04-14 15:00:00,195.244,1497347970,3486.5,70,000300.XSHG,1497347970,,SELL,沪深300,0,2017-04-14 15:00:00,195.244
2017-04-21 15:00:00,194.14024,1497347971,3466.79,70,000300.XSHG,1497347971,,BUY,沪深300,0,2017-04-21 15:00:00,194.14024
2017-04-24 15:00:00,192.15056,1497347972,3431.26,70,000300.XSHG,1497347972,,SELL,沪深300,0,2017-04-24 15:00:00,192.15056
2017-04-27 15:00:00,190.258944,1497347973,3446.72,69,000300.XSHG,1497347973,,BUY,沪深300,0,2017-04-27 15:00:00,190.258944
2017-04-28 15:00:00,189.8742,1497347974,3439.75,69,000300.XSHG,1497347974,,SELL,沪深300,0,2017-04-28 15:00:00,189.8742
2017-05-12 15:00:00,189.58128,1497347975,3385.38,70,000300.XSHG,1497347975,,BUY,沪深300,0,2017-05-12 15:00:00,189.58128
2017-05-18 15:00:00,190.29416,1497347976,3398.11,70,000300.XSHG,1497347976,,SELL,沪深300,0,2017-05-18 15:00:00,190.29416
2017-05-22 15:00:00,191.02944,1497347977,3411.24,70,000300.XSHG,1497347977,,BUY,沪深300,0,2017-05-22 15:00:00,191.02944
